CREATE TABLE  USERROLE (id BIGINT AUTO_INCREMENT PRIMARY Key NOT NULL, DESCRIPTION VARCHAR(255), NAME VARCHAR(255), version INTEGER);
CREATE TABLE  STATUS (id BIGINT AUTO_INCREMENT PRIMARY Key NOT NULL, DESCRIPTION VARCHAR(255), NAME VARCHAR(255), version INTEGER);
CREATE TABLE  USERINFO (id BIGINT AUTO_INCREMENT PRIMARY Key NOT NULL, ADDRESS VARCHAR(255), DISPLAY_NAME VARCHAR(255), EMAIL VARCHAR(255), PASSWORD VARCHAR(255), PHONE VARCHAR(255), USERNAME VARCHAR(255), version INTEGER, USERROLE_id BIGINT);
CREATE TABLE  CATEGORY (id BIGINT AUTO_INCREMENT PRIMARY Key NOT NULL, DESCRIPTION VARCHAR(255), NAME VARCHAR(255), version INTEGER);
CREATE TABLE  PRODUCT (id BIGINT AUTO_INCREMENT PRIMARY Key NOT NULL, CLIN VARCHAR(255), MSRP DECIMAL(38), OEM VARCHAR(255), OEM_NAME VARCHAR(255), SKU VARCHAR(255), UNSPSC VARCHAR(255), DESCRIPTION VARCHAR(1500), DISCOUNT DECIMAL(38), NAME VARCHAR(1500), PRICE DECIMAL(38), QUANTITY DECIMAL(38), UNIT_MEASURE VARCHAR(255), version INTEGER, CATEGORY_id BIGINT);
CREATE TABLE  CUSTOMERORDER (id BIGINT AUTO_INCREMENT PRIMARY Key NOT NULL, ORDER_DATE TIMESTAMP, TOTAL_PRICE DECIMAL(38), version INTEGER, STATUS_id BIGINT, USERINFO_id BIGINT);
CREATE TABLE  ORDERPRODUCT (id BIGINT AUTO_INCREMENT PRIMARY Key NOT NULL, PRICE DECIMAL(38), QUANTITY DECIMAL(38), version INTEGER, CUSTOMERORDER_id BIGINT, PRODUCT_id BIGINT);



ALTER TABLE USERINFO ADD CONSTRAINT  FK_USERINFO_USERROLE_id FOREIGN KEY (USERROLE_id) REFERENCES USERROLE (id);
ALTER TABLE PRODUCT ADD CONSTRAINT  FK_PRODUCT_CATEGORY_id FOREIGN KEY (CATEGORY_id) REFERENCES CATEGORY (id);
ALTER TABLE CUSTOMERORDER ADD CONSTRAINT  FK_CUSTOMERORDER_USERINFO_id FOREIGN KEY (USERINFO_id) REFERENCES USERINFO (id);
ALTER TABLE CUSTOMERORDER ADD CONSTRAINT   FK_CUSTOMERORDER_STATUS_id FOREIGN KEY (STATUS_id) REFERENCES STATUS (id);
ALTER TABLE ORDERPRODUCT ADD CONSTRAINT  FK_ORDERPRODUCT_PRODUCT_id FOREIGN KEY (PRODUCT_id) REFERENCES PRODUCT (id);
ALTER TABLE ORDERPRODUCT ADD CONSTRAINT  FK_ORDERPRODUCT_CUSTOMERORDER_id FOREIGN KEY (CUSTOMERORDER_id) REFERENCES CUSTOMERORDER (id);
CREATE SEQUENCE  UserInfoSeq INCREMENT BY 50 START WITH 549;
CREATE SEQUENCE  UserRoleSeq INCREMENT BY 50 START WITH 549;
CREATE SEQUENCE  orderProductSeq INCREMENT BY 50 START WITH 549;
CREATE SEQUENCE  CategorySeq INCREMENT BY 50 START WITH 549;
CREATE SEQUENCE  CustomerOrderSeq INCREMENT BY 50 START WITH 549;
CREATE SEQUENCE  StatusSeq INCREMENT BY 50 START WITH 549;
CREATE SEQUENCE  ProductSeq INCREMENT BY 50 START WITH 549;


insert into status (id,name,description,version) values (1,'Pending','Pending',1);
insert into status (id,name,description,version) values (2,'Cancelled','cancelled',1);
insert into status (id,name,description,version) values (3,'Shipping','Shipping',1);

insert into userrole (id,name,description,version) values (1,'admin','admin',1);
insert into userrole (id,name,description,version) values (2,'customer','customer',1);

insert into userinfo (id,username,password,display_name,email,address,phone,userrole_id,version) values (1,'bhagyesh','bhagyesh123','Bhagyesh Patel','bhagyeshme@gmail.com','Sacramento,CA','1234567891',1,1);
insert into userinfo (id,username,password,display_name,email,address,phone,userrole_id,version) values (2,'greg','greg123','Greg Fortune','greg@gmail.com','Folsom,CA','1234567891',1,1);
insert into userinfo (id,username,password,display_name,email,address,phone,userrole_id,version) values (3,'tim','tim123','Tim cook','timcook@gmail.com','Sacramento,CA','1234567891',2,1);
insert into userinfo (id,username,password,display_name,email,address,phone,userrole_id,version) values (4,'jhon','jhon123','jhon magon','jhon@gmail.com','Folsom,CA','6549871231',2,1);
insert into userinfo (id,username,password,display_name,email,address,phone,userrole_id,version) values (5,'matt','matt123','matt jhonson','jhon@gmail.com','Folsom,CA','6549871231',2,1);
 
 insert into category (id,name,description,version)  VALUES  (1,'Standard Laptop Config','Standard Laptop Config',1);
 insert into category (id,name,description,version)  VALUES  (2,'Power Laptop Config','Power Laptop Config',1);
 insert into category (id,name,description,version)  VALUES  (3,'Ultralight Laptop Config','Ultralight Laptop Config',1);
 insert into category (id,name,description,version)  VALUES  (4,'Mobile Workstation Config','Mobile Workstation Config',1);
 insert into category (id,name,description,version)  VALUES  (5,'Options/Upgrades Mobile Workstation','Options/Upgrades Mobile Workstation',1);
 insert into category (id,name,description,version)  VALUES  (6,'Options/Upgrades All Laptops','Options/Upgrades All Laptops',1);
 insert into category (id,name,description,version)  VALUES  (7,'Options/Upgrades Standard and Ultralight Laptop','Options/Upgrades Standard and Ultralight Laptop',1);
 insert into category (id,name,description,version)  VALUES  (8,'Options/Upgrades Power Laptop','Options/Upgrades Power Laptop',1);
 insert into category (id,name,description,version)  VALUES  (9,'Options/Upgrades Standard Laptop','Options/Upgrades Standard Laptop',1);
 insert into category (id,name,description,version)  VALUES  (10,'Options/Upgrades Ultralight Laptop','Options/Upgrades Ultralight Laptop',1);
 insert into category (id,name,description,version)  VALUES  (11,'Options/Upgrades Standard Power and Ultralight Laptop','Options/Upgrades Standard Power and Ultralight Laptop',1);
 insert into category (id,name,description,version)  VALUES  (12,'Options/Upgrades Standard Power','Options/Upgrades Standard Power',1);
 insert into category (id,name,description,version)  VALUES  (13,'Standard Power and Ultralight Laptop','Standard Power and Ultralight Laptop',1);
 insert into category (id,name,description,version)  VALUES  (14,'Standard and Power Laptops','Standard and Power Laptops',1);
 insert into category (id,name,description,version)  VALUES  (15,'Service Options/Upgrades Mobile Workstation','Service Options/Upgrades Mobile Workstation',1);
 insert into category (id,name,description,version)  VALUES  (16,'Service Options/Upgrades Power Laptop','Service Options/Upgrades Power Laptop',1);
 insert into category (id,name,description,version)  VALUES  (17,'Service Options/Upgrades Ultralight Laptop','Service Options/Upgrades Ultralight Laptop',1);
 insert into category (id,name,description,version)  VALUES  (18,'Service Options/Upgrades Standard Laptop','Service Options/Upgrades Standard Laptop',1);
 insert into category (id,name,description,version)  VALUES  (19,'Service Options/Upgrades All Laptops','Service Options/Upgrades All Laptops',1);
 insert into category (id,name,description,version)  VALUES  (20,'Value Added Services All Laptops','Value Added Services All Laptops',1);
 insert into category (id,name,description,version)  VALUES  (21,'19 inch Standard MONITOR','19 inch Standard MONITOR',1);
 insert into category (id,name,description,version)  VALUES  (22,'19 inch WideScreen MONITOR','19 inch WideScreen MONITOR',1);
 insert into category (id,name,description,version)  VALUES  (23,'22 inch Touchscreen MONITOR','22 inch Touchscreen MONITOR',1);
 insert into category (id,name,description,version)  VALUES  (24,'22 inch Widescreen MONITOR','22 inch Widescreen MONITOR',1);
 insert into category (id,name,description,version)  VALUES  (25,'24 inch Widescreen MONITOR','24 inch Widescreen MONITOR',1);
 insert into category (id,name,description,version)  VALUES  (26,'28 inch Widescreen MONITOR','28 inch Widescreen MONITOR',1);
 insert into category (id,name,description,version)  VALUES  (27,'30 inch Widescreen MONITOR','30 inch Widescreen MONITOR',1);
 insert into category (id,name,description,version)  VALUES  (28,'Options Upgrades','Options Upgrades',1);
 insert into category (id,name,description,version)  VALUES  (29,'Service Options Upgrades','Service Options Upgrades',1);
 insert into category (id,name,description,version)  VALUES  (30,'Service Options Upgrades for 30 inch monitors','Service Options Upgrades for 30 inch monitors',1);
 insert into category (id,name,description,version)  VALUES  (31,'P1917s P2217 P2417H Service Options Upgrades','P1917s P2217 P2417H Service Options Upgrades',1);
 insert into category (id,name,description,version)  VALUES  (32,'Core Standard Laptop','Core Standard Laptop',1);
 insert into category (id,name,description,version)  VALUES  (33,'Core Power Laptop','Core Power Laptop',1);
 insert into category (id,name,description,version)  VALUES  (34,'Core Ultralight Laptop','Core Ultralight Laptop',1);
 insert into category (id,name,description,version)  VALUES  (35,'Core Mobile Workstation Laptop','Core Mobile Workstation Laptop',1);
 insert into category (id,name,description,version)  VALUES  (36,'Options/Upgrade Ultralight Laptop','Options/Upgrade Ultralight Laptop',1);
 insert into category (id,name,description,version)  VALUES  (37,'Options/Upgrade Standard Power Laptops','Options/Upgrade Standard Power Laptops',1);
 insert into category (id,name,description,version)  VALUES  (38,'Options/Upgrade Standard Power Mobile',' Laptops	Options/Upgrade Standard Power Mobile  Laptops',1);
 insert into category (id,name,description,version)  VALUES  (39,'Options/Upgrade All Laptops','Options/Upgrade All Laptops',1);
 insert into category (id,name,description,version)  VALUES  (40,'Options/Upgrade Ultralight Laptop 820','Options/Upgrade Ultralight Laptop 820',1);
 insert into category (id,name,description,version)  VALUES  (41,'Options/Upgrade Standard Power Laptops 640','Options/Upgrade Standard Power Laptops 640',1);
 insert into category (id,name,description,version)  VALUES  (42,'Options/Upgrade Standard Power Laptops 650','Options/Upgrade Standard Power Laptops 650',1);
 insert into category (id,name,description,version)  VALUES  (43,'Core Standard Desktop','Core Standard Desktop',1);
 insert into category (id,name,description,version)  VALUES  (44,'Core Power Desktop','Core Power Desktop',1);
 insert into category (id,name,description,version)  VALUES  (45,'Core Workstation Desktop','Core Workstation Desktop',1);
 insert into category (id,name,description,version)  VALUES  (46,'Core Thin Client Desktop','Core Thin Client Desktop',1);
 insert into category (id,name,description,version)  VALUES  (47,'Core All-in-One Desktop','Core All-in-One Desktop',1);
 insert into category (id,name,description,version)  VALUES  (48,'POWER DESKTOP 800 Upgrade','POWER DESKTOP 800 Upgrade',1);
 insert into category (id,name,description,version)  VALUES  (49,'600 Desktop Upgrades','600 Desktop Upgrades',1);
 insert into category (id,name,description,version)  VALUES  (50,'AOI Options Upgrades','AOI Options Upgrades',1);
 insert into category (id,name,description,version)  VALUES  (51,'AiO 800 Options Upgrades','AiO 800 Options Upgrades',1);
 insert into category (id,name,description,version)  VALUES  (52,'AiO Upgrade','AiO Upgrade',1);
 insert into category (id,name,description,version)  VALUES  (53,'Options Upgrades','Options Upgrades',1);
 insert into category (id,name,description,version)  VALUES  (54,'800 Mini Upgrades','800 Mini Upgrades',1);
 insert into category (id,name,description,version)  VALUES  (55,'Z640 Options Upgrades','Z640 Options Upgrades',1);
 insert into category (id,name,description,version)  VALUES  (56,'VAS Take-Back Services','VAS Take-Back Services',1);
 insert into category (id,name,description,version)  VALUES  (57,'NON-Core VAS - D Deployment & Logistics','NON-Core VAS - D Deployment & Logistics',1);
 insert into category (id,name,description,version)  VALUES  (58,'VAS Emergency Services','4 hour response per occurrence',1);
 insert into category (id,name,description,version)  VALUES  (59,'Standard Desktop Hardware','Standard Desktop Hardware',1);
 insert into category (id,name,description,version)  VALUES  (60,'Power Desktop Hardware','Power Desktop Hardware',1);
 insert into category (id,name,description,version)  VALUES  (61,'Workstation Hardware','Workstation Hardware',1);
 insert into category (id,name,description,version)  VALUES  (62,'Thin Client Hardware','Thin Client Hardware',1);
 insert into category (id,name,description,version)  VALUES  (63,'All in One Hardware','All in One Hardware',1);
 insert into category (id,name,description,version)  VALUES  (64,'Standard Desktop Options Upgrades','Standard Desktop Options Upgrades',1);
 insert into category (id,name,description,version)  VALUES  (65,'Power Desktop Options Upgrades','Power Desktop Options Upgrades',1);
 insert into category (id,name,description,version)  VALUES  (66,'Workstation Options Upgrades','Workstation Options Upgrades',1);
 insert into category (id,name,description,version)  VALUES  (67,'Thin Client Options Upgrades','Thin Client Options Upgrades',1);
 insert into category (id,name,description,version)  VALUES  (68,'All In One Options Upgrades','All In One Options Upgrades',1);
 insert into category (id,name,description,version)  VALUES  (69,'Monitor Option/Upgrades','Monitor Option/Upgrades',1);
 insert into category (id,name,description,version)  VALUES  (70,'Micro Desktop Options','Micro Desktop Options',1);
 insert into category (id,name,description,version)  VALUES  (71,'Micro Standard Desktop Upgrades','Micro Standard Desktop Upgrades',1);
 insert into category (id,name,description,version)  VALUES  (72,'Monitor Options Upgrades','Monitor Options Upgrades',1);
 insert into category (id,name,description,version)  VALUES  (73,'Power Desktop Service O/U','Power Desktop Service O/U',1);
 insert into category (id,name,description,version)  VALUES  (74,'Standard Desktop Service O/U','Standard Desktop Service O/U',1);
 insert into category (id,name,description,version)  VALUES  (75,'Monitor Service O/U','Monitor Service O/U',1);
 insert into category (id,name,description,version)  VALUES  (76,'Thin Client Service O/U','Thin Client Service O/U',1);
 insert into category (id,name,description,version)  VALUES  (77,'All In One Service O/U','All In One Service O/U',1);
 insert into category (id,name,description,version)  VALUES  (78,'Power Desktop Service O/U','7040 Power Desktop Service O/U 7040',1);
 insert into category (id,name,description,version)  VALUES  (79,'VAS Standard Desktop','VAS Standard Desktop',1);
 insert into category (id,name,description,version)  VALUES   (80,'VAS Emergency Services', '4 hour response per occurrence',1);
 
 
 
insert into product (id,clin,unspsc,oem,oem_name,sku,name,description,unit_measure,quantity,msrp,price,discount,category_id,version) values (3,'100e','43211500','210-AFUD','DELL','210-AFUD','Standard - Dell Latitude E5570 ','Standard - Dell Latitude E5570 - i5-6300U, 2.4GHz, 4GB DDR4-2133MHz 1DIMM, Windows 10 Pro 64-bit (Windows 7 Compatible),500GB SATA II 7200RPM, Intel Integrated Graphics Card, 15.6 HD Widescreen,Onsite Warranty  Integrated Wireless, Bluetooth,  4-Cell Battery, 3 -Year NBD ','EACH',1,1664.09,748.84,55,1,1);
insert into product (id,clin,unspsc,oem,oem_name,sku,name,description,unit_measure,quantity,msrp,price,discount,category_id,version) values (4,'200d','43211500','210-AFTZP','DELL','210-AFTZP','Power - Dell Latitude E5470 HD ','Power - Dell Latitude E5470 - i5-6200U, 2.3GHz, 8GB DDR4-2133MHz 2DIMM, Windows 10 Pro 64-bit (Windows 7 Compatible),500GB SATA II 7200RPM, Intel Integrated Graphics Card, 14.0 HD Widescreen, Integrated Wireless, Bluetooth,  4-Cell Battery, 3 -Year NBD Onsite Warranty','EACH',1,1699.09,764.59,55,2,1);
insert into product (id,clin,unspsc,oem,oem_name,sku,name,description,unit_measure,quantity,msrp,price,discount,category_id,version) values (5,'300d','43211500','210-AFTT','DELL','210-AFTT','Ultralight - Dell Latitude E7270 ','Ultralight - Dell Latitude E7270 - i5-6200U, 2.3GHz, 4GB DDR4-2133MHz 1DIMM, Windows 10 Pro 64-bit (Windows 7 Compatible),128GB SATA III Solid State HD, Intel Integrated Graphics Card, 12.5 HD Widescreen Integrated Wireless, Bluetooth, 4-Cell Battery, 3-Year NDB Onsite Warranty','EACH',1,1947.80,876.51,55,3,1);
insert into product (id,clin,unspsc,oem,oem_name,sku,name,description,unit_measure,quantity,msrp,price,discount,category_id,version) values (6,'300e','43211500','210-AFQD','DELL','210-AFQD','Ultralight - Dell Latitude E7470 ','Ultralight - Dell Latitude E7470 - i5-6200U, 2.3GHz, 4GB DDR4-2133MHz 1DIMM, Windows 10 Pro 64-bit  (Windows 7 Compatible),128GB SATA III Solid State HD, Intel Integrated Graphics Card, 14 HD Widescreen Integrated Wireless, Bluetooth, 4-Cell Battery, 3-Year NDB Onsite Warranty','EACH',1,1920.23,864.10,55,3,1);
insert into product (id,clin,unspsc,oem,oem_name,sku,name,description,unit_measure,quantity,msrp,price,discount,category_id,version) values (7,'400d','43211500','210-AFXM','DELL','210-AFXM','Mobile Workstation - Dell Mobile Precision 7510 ','Mobile Workstation - Dell Mobile Precision 7510 - i7-6820HQ 2.7GHz Quad Core, 16GB DDR4 2133MHz 2DIMMS, Windows 10 Pro 64-bit (Windows 7 Compatible), 500GB SATA II 7200RPM, AMD FirePro™ W5170M w/2GB GDDR5, 15.6 HD Widescreen, Integrated Wireless, Bluetooth. 6-cell battery. 3-Year NBD Onsite Warranty','EACH',1,2230.06,1003.53,55,4,1);
insert into product (id,clin,unspsc,oem,oem_name,sku,name,description,unit_measure,quantity,msrp,price,discount,category_id,version) values (8,'1005b','43211500','451-BBUV','DELL','451-BBUV','6 Cell (91 Whr) Long Life Cycle Lithium Polymer battery','6 Cell (91 Whr) Long Life Cycle Lithium Polymer battery','EACH',1,212.86,138.36,35,5,1);
insert into product (id,clin,unspsc,oem,oem_name,sku,name,description,unit_measure,quantity,msrp,price,discount,category_id,version) values (9,'1007','43211500','313-7362','DELL','313-7362','USB Powered External Speakers','USB Powered External Speakers','EACH',1,19.99,12.99,35,6,1);
insert into product (id,clin,unspsc,oem,oem_name,sku,name,description,unit_measure,quantity,msrp,price,discount,category_id,version) values (10,'1008c','43211500','429-AAUX','DELL','429-AAUX','USB External DVD+/-RW Drive','USB External DVD+/-RW Drive','EACH',1,59.99,38.99,35,7,1);
insert into product (id,clin,unspsc,oem,oem_name,sku,name,description,unit_measure,quantity,msrp,price,discount,category_id,version) values (11,'1009c','43211500','379-BCFY, 391-BCDQ','DELL','379-BCFY 391-BCDQ','Intel® Core™ i7-6600U (Dual Core, 2.6GHz, 4M cache, 15W) vPro','Intel® Core™ i7-6600U (Dual Core, 2.6GHz, 4M cache, 15W) vPro','EACH',1,500.00,325.00,35,8,1);
insert into product (id,clin,unspsc,oem,oem_name,sku,name,description,unit_measure,quantity,msrp,price,discount,category_id,version) values (12,'1010a','43211500','NA','DELL','NA','Add Integrated Microphone (INCLUDED IN BASE)','Add Integrated Microphone (INCLUDED IN BASE)','EACH',1,0.00,0.00,35,8,1);
insert into product (id,clin,unspsc,oem,oem_name,sku,name,description,unit_measure,quantity,msrp,price,discount,category_id,version) values (13,'1011a','43211500','NA','DELL','NA','Add Integrated Microphone (INCLUDED IN BASE)','Add Integrated Microphone (INCLUDED IN BASE)','EACH',1,0.00,0.00,35,9,1);
insert into product (id,clin,unspsc,oem,oem_name,sku,name,description,unit_measure,quantity,msrp,price,discount,category_id,version) values (14,'1012c','43211500','346-BBPV','DELL','346-BBPV','Fingerprint Reader/Smartcard Reader','Fingerprint Reader/Smartcard Reader','EACH',1,30.00,19.50,35,9,1);
insert into product (id,clin,unspsc,oem,oem_name,sku,name,description,unit_measure,quantity,msrp,price,discount,category_id,version) values (15,'1014b','43211500','319-BBDT, 320-BBQV, 391- BCFG','DELL','319-BBDT  320-BBQV 391-BCFG','Add Integrated Microphone','Add Integrated Microphone','EACH',1,212.86,138.36,35,15,1);
insert into product (id,clin,unspsc,oem,oem_name,sku,name,description,unit_measure,quantity,msrp,price,discount,category_id,version) values (16,'1015a','43211500','NA','DELL','N/A','Included in Base','Included in Base','EACH',1,0.0,0.00,35,15,1);
insert into product (id,clin,unspsc,oem,oem_name,sku,name,description,unit_measure,quantity,msrp,price,discount,category_id,version) values (17,'1016c','43211500','370-ACDE','DELL','370-ACDE','Add 4Gb (8GB Total) 2x4GB, 2133MHz DDR4 Memory','Add 4Gb (8GB Total) 2x4GB, 2133MHz DDR4 Memory','EACH',1,180.00,117.00,35,17,1);
insert into product (id,clin,unspsc,oem,oem_name,sku,name,description,unit_measure,quantity,msrp,price,discount,category_id,version) values (18,'1017c','43211500','338-BIFC','DELL','338-BIFC','Intel® Core™ i7-6920HQ (Quad Core 2.90GHz, 3.80GHz Turbo, 8MB 45W, w/Intel HD Graphics 530)','Intel® Core™ i7-6920HQ (Quad Core 2.90GHz, 3.80GHz Turbo, 8MB 45W, w/Intel HD Graphics 530)','EACH',1,741.43,481.93,35,15,1);
insert into product (id,clin,unspsc,oem,oem_name,sku,name,description,unit_measure,quantity,msrp,price,discount,category_id,version) values (19,'1018b','43211500','370-ACEB','DELL','370-ACEB','Add 16GB (Total 32.0GB), DDR4-2133MHz SDRAM, 4 DIMMS','Add 16GB (Total 32.0GB), DDR4-2133MHz SDRAM, 4 DIMMS','EACH',1,588.57,382.57,35,15,1);
insert into product (id,clin,unspsc,oem,oem_name,sku,name,description,unit_measure,quantity,msrp,price,discount,category_id,version) values (20,'1020c','43211500','379-BCFY, 391-BCDQ','DELL','379-BCFY, 391-BCDQ','Intel® Core™ i7-6600U (Dual Core, 2.6GHz, 4M cache, 15W) vPro','Intel® Core™ i7-6600U (Dual Core, 2.6GHz, 4M cache, 15W) vPro','EACH',1,500.00,325.00,35,18,1);
insert into product (id,clin,unspsc,oem,oem_name,sku,name,description,unit_measure,quantity,msrp,price,discount,category_id,version) values (21,'1021b','43211500','379-BCFY','DELL','379-BCFY','Intel® Core™ i7-6600U (Dual Core, 2.6GHz, 4M cache, 15W)','Intel® Core™ i7-6600U (Dual Core, 2.6GHz, 4M cache, 15W)','EACH',1,400.00,260.00,35,17,1);
insert into product (id,clin,unspsc,oem,oem_name,sku,name,description,unit_measure,quantity,msrp,price,discount,category_id,version) values (22,'1022a','43211500','370-ACDF','DELL','370-ACDF','Add 8GB (16GB Total), DDR4,2133MHZ','Add 8GB (16GB Total), DDR4,2133MHZ','EACH',1,330.00,214.50,35,16,1);
insert into product (id,clin,unspsc,oem,oem_name,sku,name,description,unit_measure,quantity,msrp,price,discount,category_id,version) values (23,'1023b','43211500','391-BCFM','DELL','391-BCFM','Add Integrated Webcam','Add Integrated Webcam','EACH',1,30.0,19.50,35,17,1);
insert into product (id,clin,unspsc,oem,oem_name,sku,name,description,unit_measure,quantity,msrp,price,discount,category_id,version) values (24,'1024a','43211500','319-BBCW','DELL','319-BBCW','Add Integrated Microphone (Remove Webcam)','Add Integrated Microphone (Remove Webcam)','EACH',1,0.00,0.00,35,17,1);
insert into product (id,clin,unspsc,oem,oem_name,sku,name,description,unit_measure,quantity,msrp,price,discount,category_id,version) values (25,'1026','43211500','330-9456','DELL','330-9456','Add USB optical mouse','Add USB optical mouse','EACH',1,19.99,12.99,35,19,1);
insert into product (id,clin,unspsc,oem,oem_name,sku,name,description,unit_measure,quantity,msrp,price,discount,category_id,version) values (26,'1027a','43211500','331-9653','DELL','331-9653','Add USB keyboard','Add USB keyboard','EACH',1,29.99,19.49,35,19,1);
insert into product (id,clin,unspsc,oem,oem_name,sku,name,description,unit_measure,quantity,msrp,price,discount,category_id,version) values (27,'1028a','43211500','631-AARN','DELL','631-AARN','Upgrade to Intel vPro Technology','Upgrade to Intel vPro Technology','EACH',1,30.00,19.50,35,16,1);
insert into product (id,clin,unspsc,oem,oem_name,sku,name,description,unit_measure,quantity,msrp,price,discount,category_id,version) values (28,'1029c','43211500','346-BBRJ','DELL','346-BBRJ','Fingerprint Reader/Smartcard Reader','Fingerprint Reader/Smartcard Reader','EACH',1,30.0,19.50,35,16,1);
insert into product (id,clin,unspsc,oem,oem_name,sku,name,description,unit_measure,quantity,msrp,price,discount,category_id,version) values (29,'1030b','43211500','631-AARD','DELL','631-AARD','Upgrade Intel vPro™ Technology’s Advanced Management Features','Upgrade Intel vPro™ Technology’s Advanced Management Features','EACH',1,30.00,19.50,35,10,1);
insert into product (id,clin,unspsc,oem,oem_name,sku,name,description,unit_measure,quantity,msrp,price,discount,category_id,version) values (30,'1031b','43211500','346-BBRE','DELL','346-BBRE','Add fingerprint reader/Smartcard Reader','Add fingerprint reader/Smartcard Reader','EACH',1,70.00,45.50,35,15,1);
insert into product (id,clin,unspsc,oem,oem_name,sku,name,description,unit_measure,quantity,msrp,price,discount,category_id,version) values (31,'1032b','43211500','631-AAQU','DELL','631-AAQU','Intel vPro Technology Enabled','Intel vPro Technology Enabled','EACH',1,27.14,17.64,35,15,1);
insert into product (id,clin,unspsc,oem,oem_name,sku,name,description,unit_measure,quantity,msrp,price,discount,category_id,version) values (32,'1033a','43211500','331-6304','DELL','331-6304','Docking Station with A/C adapter, supports laptop recharging','Docking Station with A/C adapter, supports laptop recharging','EACH',1,219.99,142.99,35,15,1);
insert into product (id,clin,unspsc,oem,oem_name,sku,name,description,unit_measure,quantity,msrp,price,discount,category_id,version) values (33,'1034a','43211500','469-4546','DELL','469-4546','Dell 90-Watt Auto-Air DC Adapter for Select Dell Systems(Car Charger)','Dell 90-Watt Auto-Air DC Adapter for Select Dell Systems(Car Charger)','EACH',1,99.99,64.99,35,11,1);
insert into product (id,clin,unspsc,oem,oem_name,sku,name,description,unit_measure,quantity,msrp,price,discount,category_id,version) values (34,'1035a','43211500','570-AALK','DELL','570-AALK','Dell Wireless Mouse-WM126 - Black','Dell Wireless Mouse-WM126 - Black','EACH',1,19.99,12.99,35,19,1);
insert into product (id,clin,unspsc,oem,oem_name,sku,name,description,unit_measure,quantity,msrp,price,discount,category_id,version) values (35,'1036c','43211500','400-AHCC','DELL','400-AHCC','256GB Solid State Drive','256GB Solid State Drive','EACH',1,320.00,208.00,35,10,1);
insert into product (id,clin,unspsc,oem,oem_name,sku,name,description,unit_measure,quantity,msrp,price,discount,category_id,version) values (36,'1038b','43211500','400-AJBG','DELL','400-AJBG','256GB  Solid State Drive','256GB  Solid State Drive','EACH',1,284.29,184.79,35,15,1);
insert into product (id,clin,unspsc,oem,oem_name,sku,name,description,unit_measure,quantity,msrp,price,discount,category_id,version) values (37,'1041b','43211500','400-AJBO','DELL','400-AJBO','500G 7200 OPAL','500G 7200 OPAL','EACH',1,84.29,54.7,35,15,1);
insert into product (id,clin,unspsc,oem,oem_name,sku,name,description,unit_measure,quantity,msrp,price,discount,category_id,version) values (38,'1043c','43211500','391-BCDP','DELL','391-BCDP','Add Integrated Webcam','Add Integrated Webcam','EACH',1,30.00,19.50,35,12,1);
insert into product (id,clin,unspsc,oem,oem_name,sku,name,description,unit_measure,quantity,msrp,price,discount,category_id,version) values (39,'1044b','43211500','331-6307','DELL','331-6307','Dell E-Port Replicator Docking Station with USB 3.0','Dell E-Port Replicator Docking Station with USB 3.0','EACH',1,169.00,109.8,35,11,1);
insert into product (id,clin,unspsc,oem,oem_name,sku,name,description,unit_measure,quantity,msrp,price,discount,category_id,version) values (40,'1045','81110000','980-5714','DELL','980-5714','Keep Your Hard Drive, 5 Year','Keep Your Hard Drive, 5 Year','EACH',1,30.00,19.50,35,15,1);
insert into product (id,clin,unspsc,oem,oem_name,sku,name,description,unit_measure,quantity,msrp,price,discount,category_id,version) values (41,'1046','81110000','980-9314','DELL','980-9314','Keep Your Hard Drive, 5 Year','Keep Your Hard Drive, 5 Year','EACH',1,30.00,19.50,35,11,1);
insert into product (id,clin,unspsc,oem,oem_name,sku,name,description,unit_measure,quantity,msrp,price,discount,category_id,version) values (42,'1047','81110000','981-2233','DELL','981-2233','Keep Your Hard Drive, 4 Year','Keep Your Hard Drive, 4 Year','EACH',1,25.00,16.25,35,5,1);
insert into product (id,clin,unspsc,oem,oem_name,sku,name,description,unit_measure,quantity,msrp,price,discount,category_id,version) values (43,'1048','81110000','981-5693','DELL','981-5693','Keep Your Hard Drive, 4 Year','Keep Your Hard Drive, 4 Year','EACH',1,25.00,16.25,35,13,1);
insert into product (id,clin,unspsc,oem,oem_name,sku,name,description,unit_measure,quantity,msrp,price,discount,category_id,version) values (44,'1049','81110000','983-8332','DELL','983-8332','Keep Your Hard Drive, 3 Year','Keep Your Hard Drive, 3 Year','EACH',1,20.00,13.00,35,15,1);
insert into product (id,clin,unspsc,oem,oem_name,sku,name,description,unit_measure,quantity,msrp,price,discount,category_id,version) values (45,'1050','81110000','984-1892','DELL','984-1892','Keep Your Hard Drive, 3 Year','Keep Your Hard Drive, 3 Year','EACH',1,20.00,13.00,35,17,1);
insert into product (id,clin,unspsc,oem,oem_name,sku,name,description,unit_measure,quantity,msrp,price,discount,category_id,version) values (46,'1051b','43211500','A1475677','DELL','A1475677','Targus 16-inch Corporate Traveler Vertical Rolling Laptop Case','Targus 16-inch Corporate Traveler Vertical Rolling Laptop Case','EACH',1,52.99,34.44,35,6,1);
insert into product (id,clin,unspsc,oem,oem_name,sku,name,description,unit_measure,quantity,msrp,price,discount,category_id,version) values (47,'1052a','43211500','A5468037','DELL','A5468037','LOGITECH WIRELESS HEADSET H600','LOGITECH WIRELESS HEADSET H600','EACH',1,69.99,45.49,35,6,1);
insert into product (id,clin,unspsc,oem,oem_name,sku,name,description,unit_measure,quantity,msrp,price,discount,category_id,version) values (48,'1053','43211500','A6107465','DELL','A6107465','Add wireless keyboard','Add wireless keyboard','EACH',1,29.99,19.49,35,6,1);
insert into product (id,clin,unspsc,oem,oem_name,sku,name,description,unit_measure,quantity,msrp,price,discount,category_id,version) values (49,'1054c','43211500','460-BBRC','DELL','460-BBRC','Dell Professional Topload Carrying Case - 14”','Dell Professional Topload Carrying Case - 14”','EACH',1,59.99,38.99,35,6,1);
insert into product (id,clin,unspsc,oem,oem_name,sku,name,description,unit_measure,quantity,msrp,price,discount,category_id,version) values (50,'1055c','43211500','370-ACDE','DELL','370-ACDE','8GB (2x4GB) 2133MHz DDR4 Memory','8GB (2x4GB) 2133MHz DDR4 Memory','EACH',1,180.00,117.00,35,9,1);
insert into product (id,clin,unspsc,oem,oem_name,sku,name,description,unit_measure,quantity,msrp,price,discount,category_id,version) values (51,'1056b','43211500','365-0521, 374-4751','DELL','365-0521, 374-4751','Kensington Combination Lock','Kensington Combination Lock','EACH',1,39.85,25.90,35,9,1);
insert into product (id,clin,unspsc,oem,oem_name,sku,name,description,unit_measure,quantity,msrp,price,discount,category_id,version) values (52,'1057b','43211500','400-AHCC','DELL','400-AHCC','256GB Solid State Drive','256GB Solid State Drive','EACH',1,320.00,208.00,35,9,1);
insert into product (id,clin,unspsc,oem,oem_name,sku,name,description,unit_measure,quantity,msrp,price,discount,category_id,version) values (53,'1059b','43211500','391-BCDN','DELL','391-BCDN','14 Touch FHD LCD with camera, WWAN','14 Touch FHD LCD with camera, WWAN','EACH',1,280.00,182.00,35,9,1);
insert into product (id,clin,unspsc,oem,oem_name,sku,name,description,unit_measure,quantity,msrp,price,discount,category_id,version) values (54,'1060b','43211500','391-BCEV, 451-BBPK','DELL','391-BCEV, 451-BBPK','12.5” FHD Touch with Corning® Gorilla® Glass NBT (1920 x 10800) LCD with camera, WIGI','12.5” FHD Touch with Corning® Gorilla® Glass NBT (1920 x 10800) LCD with camera, WIGI','EACH',1,379.00,246.35,35,10,1);
insert into product (id,clin,unspsc,oem,oem_name,sku,name,description,unit_measure,quantity,msrp,price,discount,category_id,version) values (55,'1062a','43211500','580-ACKL','DELL','580-ACKL','Backlit Keyboard','Backlit Keyboard','EACH',1,50.00,32.50,35,9,1);
insert into product (id,clin,unspsc,oem,oem_name,sku,name,description,unit_measure,quantity,msrp,price,discount,category_id,version) values (56,'1063a','43211500','391-BCDH','DELL','391-BCDH','15 Touch FHD LCD with Camera, WIGI','15 Touch FHD LCD with Camera, WIGI','EACH',1,280.00,182.00,35,9,1);
insert into product (id,clin,unspsc,oem,oem_name,sku,name,description,unit_measure,quantity,msrp,price,discount,category_id,version) values (57,'1064a','43211500','391-BCFN','DELL','391-BCFN','14 Touch FHD LCD with Camera, WIGI','14 Touch FHD LCD with Camera, WIGI','EACH',1,480.00,312.00,35,10,1);
insert into product (id,clin,unspsc,oem,oem_name,sku,name,description,unit_measure,quantity,msrp,price,discount,category_id,version) values (58,'1065a','43211500','379-BCFY','DELL','379-BCFY','Intel® Core™ i7-6600U (Dual Core, 2.6GHz, 4M cache, 15W)','Intel® Core™ i7-6600U (Dual Core, 2.6GHz, 4M cache, 15W)','EACH',1,400.00,260.00,35,10,1);
insert into product (id,clin,unspsc,oem,oem_name,sku,name,description,unit_measure,quantity,msrp,price,discount,category_id,version) values (59,'1066','43211500','954-3471, 421-9983','DELL','954-3471,421-9983','PS4SW,DDPE,ENTERPRISE EDITION,5YR, DDPE Enterprise Edition DD','PS4SW,DDPE,ENTERPRISE EDITION,5YR, DDPE Enterprise Edition DD','EACH',1,129.00,83.85,35,6,1);
insert into product (id,clin,unspsc,oem,oem_name,sku,name,description,unit_measure,quantity,msrp,price,discount,category_id,version) values (60,'1067a','43211500','370-ACDF','DELL','370-ACDF','16GB (2x8GB) DDR4,2133MHz','16GB (2x8GB) DDR4,2133MHz','EACH',1,330.00,214.50,35,6,1);
insert into product (id,clin,unspsc,oem,oem_name,sku,name,description,unit_measure,quantity,msrp,price,discount,category_id,version) values (61,'1069a','43211500','555-BCMT','DELL','555-BCMT','Intel® Dual-Band Wireless-AC 8260 Wi-Fi + BT 4.1 Wireless Card (2x2)','Intel® Dual-Band Wireless-AC 8260 Wi-Fi + BT 4.1 Wireless Card (2x2)','EACH',1,25.00,16.25,35,6,1);
insert into product (id,clin,unspsc,oem,oem_name,sku,name,description,unit_measure,quantity,msrp,price,discount,category_id,version) values (62,'1070','43211500','460-BBNE','DELL','460-BBNE','DELL Premier Backpack','DELL Premier Backpack','EACH',1,99.99,64.99,35,6,1);
insert into product (id,clin,unspsc,oem,oem_name,sku,name,description,unit_measure,quantity,msrp,price,discount,category_id,version) values (63,'1071a','43211500','331-9053','DELL','331-9053','DELL AC Adapter','DELL AC Adapter','EACH',1,139.99,90.99,35,6,1);
insert into product (id,clin,unspsc,oem,oem_name,sku,name,description,unit_measure,quantity,msrp,price,discount,category_id,version) values (64,'1072a','43211500','346-BBPV','DELL','346-BBPV','Smart Card Reader','Smart Card Reader','EACH',1,30.00,19.50,35,9,1);
insert into product (id,clin,unspsc,oem,oem_name,sku,name,description,unit_measure,quantity,msrp,price,discount,category_id,version) values (65,'1073a','43211500','631-AARN','DELL','631-AARN','Upgrade to Intel vPro Technology','Upgrade to Intel vPro Technology','EACH',1,30.00,19.50,35,9,1);
insert into product (id,clin,unspsc,oem,oem_name,sku,name,description,unit_measure,quantity,msrp,price,discount,category_id,version) values (66,'1074a','43211500','346-BBRJ','DELL','346-BBRJ','Dual Pointing palmrest With Smart Card and Fingerprint Reader','Dual Pointing palmrest With Smart Card and Fingerprint Reader','EACH',1,30.00,19.50,35,9,1);
insert into product (id,clin,unspsc,oem,oem_name,sku,name,description,unit_measure,quantity,msrp,price,discount,category_id,version) values (67,'1075','43211500','332-2270','DELL','332-2270','Dell Adapter Mini Displayport to VGA','Dell Adapter Mini Displayport to VGA','EACH',1,34.99,22.74,35,6,1);
insert into product (id,clin,unspsc,oem,oem_name,sku,name,description,unit_measure,quantity,msrp,price,discount,category_id,version) values (68,'1076','43211500','A7639742','DELL','A7639742','Displayport to Displayport 6ft Cable M/M','Displayport to Displayport 6ft Cable M/M','EACH',1,15.99,10.39,35,6,1);
insert into product (id,clin,unspsc,oem,oem_name,sku,name,description,unit_measure,quantity,msrp,price,discount,category_id,version) values (69,'1077','43211500','451-BBKV','DELL','451-BBKV','Dell Portable Power Companion (18000mAh)','Dell Portable Power Companion (18000mAh)','EACH',1,139.99,90.99,35,6,1);
insert into product (id,clin,unspsc,oem,oem_name,sku,name,description,unit_measure,quantity,msrp,price,discount,category_id,version) values (70,'1078a','43211500','400-AHHX','DELL','400-AHHX','128GB SSD','128GB SSD','EACH',1,180.00,117.00,35,14,1);
insert into product (id,clin,unspsc,oem,oem_name,sku,name,description,unit_measure,quantity,msrp,price,discount,category_id,version) values (71,'1079a','43211500','370-ACDD','DELL','370-ACDD','8GB (1x16GB) 2133MHz DDR4 Memory','8GB (1x16GB) 2133MHz DDR4 Memory','EACH',1,180.00,117.00,35,14,1);
insert into product (id,clin,unspsc,oem,oem_name,sku,name,description,unit_measure,quantity,msrp,price,discount,category_id,version) values (72,'1080','43211500','319-BBDS, 320-BBQV, 391 BCFG','DELL','319-BBDS, 320-BBQV, 391 BCFG','Add Integrated Webcam','Add Integrated Webcam','EACH',1,227.14,147.64,35,5,1);
insert into product (id,clin,unspsc,oem,oem_name,sku,name,description,unit_measure,quantity,msrp,price,discount,category_id,version) values (73,'1081','43211500','400-AHHV','DELL','400-AHHV','M.2 512GB SATA Class 20 Solid State Drive','M.2 512GB SATA Class 20 Solid State Drive','EACH',1,580.00,377.00,35,6,1);
insert into product (id,clin,unspsc,oem,oem_name,sku,name,description,unit_measure,quantity,msrp,price,discount,category_id,version) values (74,'1082','43211500','[421-9983][954-3463][391- BCDQ]','DELL','[421-9983][954-3463][391- BCDQ]','DDPE Enterprise Edition License + ProSupport for Software 3 Year','DDPE Enterprise Edition License + ProSupport for Software 3 Year','EACH',1,204.00,132.60,35,6,1);
insert into product (id,clin,unspsc,oem,oem_name,sku,name,description,unit_measure,quantity,msrp,price,discount,category_id,version) values (75,'1083','43211500','[452-BBLQ]','DELL','[452-BBLQ]','E-Port Plus, dock adds dual digital display and legacy port support, USB 3.0','E-Port Plus, dock adds dual digital display and legacy port support, USB 3.0','EACH',1,219.00,142.35,35,3,1);
insert into product (id,clin,unspsc,oem,oem_name,sku,name,description,unit_measure,quantity,msrp,price,discount,category_id,version) values (76,'1084','43211500','338-BHOZ','DELL','338-BHOZ','AMD Radeon™ R7 M370, for I7-6820H No Type C (Vpro Capable)','AMD Radeon™ R7 M370, for I7-6820H No Type C (Vpro Capable)','EACH',1,129.00,83.85,35,3,1);
insert into product (id,clin,unspsc,oem,oem_name,sku,name,description,unit_measure,quantity,msrp,price,discount,category_id,version) values (77,'1085','43211500','450-AAYU','DELL','450-AAYU','90 Watt AC Adaptor','90 Watt AC Adaptor','EACH',1,5.00,3.25,35,3,1);
insert into product (id,clin,unspsc,oem,oem_name,sku,name,description,unit_measure,quantity,msrp,price,discount,category_id,version) values (78,'1086','43211500','346-BBSG','DELL','346-BBSG','Dual Pointing palmrest With Smart Card and Fingerprint Reader','Dual Pointing palmrest With Smart Card and Fingerprint Reader','EACH',1,30.00,19.50,35,3,1);
insert into product (id,clin,unspsc,oem,oem_name,sku,name,description,unit_measure,quantity,msrp,price,discount,category_id,version) values (79,'1087','43211500','631-AARO','DELL','631-AARO','Intel vPro™ Technology’s Advanced Management Features','Intel vPro™ Technology’s Advanced Management Features','EACH',1,30.00,19.50,35,3,1);
insert into product (id,clin,unspsc,oem,oem_name,sku,name,description,unit_measure,quantity,msrp,price,discount,category_id,version) values (80,'1088','43211500','391-BCDL','DELL','391-BCDL','15.6 FHD (1920 x 1080) Anti Glare LCD, Camera and Microphone, WWAN Capable','15.6 FHD (1920 x 1080) Anti Glare LCD, Camera and Microphone, WWAN Capable','EACH',1,110.00,71.55,35,3,1);
insert into product (id,clin,unspsc,oem,oem_name,sku,name,description,unit_measure,quantity,msrp,price,discount,category_id,version) values (81,'1089','43211500','338-BHLO','DELL','338-BHLO','AMD Radeon™ R7 M360, for I7-6600U','AMD Radeon™ R7 M360, for I7-6600U','EACH',1,129.00,83.85,35,3,1);
insert into product (id,clin,unspsc,oem,oem_name,sku,name,description,unit_measure,quantity,msrp,price,discount,category_id,version) values (82,'1090','43211500','379-BCGD','DELL','379-BCGD','I7-6820HQ Intel® Core™ i7-6820HQ (Quad Core, 2.7GHz, 8M cache,','I7-6820HQ Intel® Core™ i7-6820HQ (Quad Core, 2.7GHz, 8M cache,','EACH',1,460.00,299.00,35,3,1);
insert into product (id,clin,unspsc,oem,oem_name,sku,name,description,unit_measure,quantity,msrp,price,discount,category_id,version) values (83,'1091','43211500','631-AARQ','DELL','631-AARQ','INTEL VPRO - ME IN,','INTEL VPRO - ME IN,','EACH',1,30.00,19.50,35,3,1);
insert into product (id,clin,unspsc,oem,oem_name,sku,name,description,unit_measure,quantity,msrp,price,discount,category_id,version) values (84,'1092','43211500','391-BCFO','DELL','391-BCFO','14.0” FHD (1920 x 1080) Anti Glare LCD, Camera and Mic, WLAN/WWAN Capable','14.0” FHD (1920 x 1080) Anti Glare LCD, Camera and Mic, WLAN/WWAN Capable','EACH',1,110.00,71.50,35,10,1);
insert into product (id,clin,unspsc,oem,oem_name,sku,name,description,unit_measure,quantity,msrp,price,discount,category_id,version) values (85,'1093','43211500','631-AARG','DELL','631-AARG','Intel vPro™ Technology’s Advanced Management Features','Intel vPro™ Technology’s Advanced Management Features','EACH',1,30.00,19.50,35,10,1);
insert into product (id,clin,unspsc,oem,oem_name,sku,name,description,unit_measure,quantity,msrp,price,discount,category_id,version) values (86,'1094','43211500','346-BBUY','DELL','346-BBUY','Smart Card, Contactless Smart Card and Fingerprint Reader for 82 Key, Dual Point Keyboard','Smart Card, Contactless Smart Card and Fingerprint Reader for 82 Key, Dual Point Keyboard','EACH',1,30.00,19.50,35,10,1);
insert into product (id,clin,unspsc,oem,oem_name,sku,name,description,unit_measure,quantity,msrp,price,discount,category_id,version) values (87,'1095','43211500','583-BCUS','DELL','583-BCUS','82 Key Internal Backlight English Keyboard','82 Key Internal Backlight English Keyboard','EACH',1,50.00,32.50,35,10,1);
insert into product (id,clin,unspsc,oem,oem_name,sku,name,description,unit_measure,quantity,msrp,price,discount,category_id,version) values (88,'1096','43211500','492-BBFM','DELL','492-BBFM','Dell Adapter - Mini DisplayPort to VGA','Dell Adapter - Mini DisplayPort to VGA','EACH',1,37.49,24.37,35,10,1);
insert into product (id,clin,unspsc,oem,oem_name,sku,name,description,unit_measure,quantity,msrp,price,discount,category_id,version) values (89,'1097','43211500','391-BCFB','DELL','391-BCFB','12.5” FHD (1920 x 1080) Anti Glare LCD with Camera and mic, WLAN','12.5” FHD (1920 x 1080) Anti Glare LCD with Camera and mic, WLAN','EACH',1,110.00,71.50,35,10,1);
insert into product (id,clin,unspsc,oem,oem_name,sku,name,description,unit_measure,quantity,msrp,price,discount,category_id,version) values (90,'1098','43211500','379-BCFX','DELL','379-BCFX','Intel® Core™ i5-6300U (Dual Core, 2.4GHz, 3M cache, 15W)','Intel® Core™ i5-6300U (Dual Core, 2.4GHz, 3M cache, 15W)','EACH',1,220.00,143.00,35,10,1);
insert into product (id,clin,unspsc,oem,oem_name,sku,name,description,unit_measure,quantity,msrp,price,discount,category_id,version) values (91,'1099','43211500','631-AARD','DELL','631-AARD','Intel vPro™ Technology’s Advanced Management Features','Intel vPro™ Technology’s Advanced Management Features','EACH',1,30.00,19.50,35,10,1);
insert into product (id,clin,unspsc,oem,oem_name,sku,name,description,unit_measure,quantity,msrp,price,discount,category_id,version) values (92,'1100','43211500','583-BCUH','DELL','583-BCUH','82 Key Internal Backlight English Keyboard','82 Key Internal Backlight English Keyboard','EACH',1,50.00,32.50,35,10,1);
insert into product (id,clin,unspsc,oem,oem_name,sku,name,description,unit_measure,quantity,msrp,price,discount,category_id,version) values (93,'1101','43211500','555-BCMV','DELL','555-BCMV','Intel® Tri-Band Wireless-AC 18260 WiGig + Wi-Fi + BT4.1 Wireless C','Intel® Tri-Band Wireless-AC 18260 WiGig + Wi-Fi + BT4.1 Wireless C','EACH',1,25.00,16.25,35,10,1);
insert into product (id,clin,unspsc,oem,oem_name,sku,name,description,unit_measure,quantity,msrp,price,discount,category_id,version) values (94,'1102','43211500','490-BCPK, 490-BCQJ','DELL','490-BCPK, 490-BCQJ','Nvidia® Quadro® M2000M w/4GB GDDR5','Nvidia® Quadro® M2000M w/4GB GDDR5','EACH',1,614.29,399.29,35,5,1);
insert into product (id,clin,unspsc,oem,oem_name,sku,name,description,unit_measure,quantity,msrp,price,discount,category_id,version) values (95,'1103','43211500','400-AFGV','DELL','400-AFGV','512GB SSD','512GB SSD','EACH',1,498.57,324.07,35,5,1);
insert into product (id,clin,unspsc,oem,oem_name,sku,name,description,unit_measure,quantity,msrp,price,discount,category_id,version) values (96,'1104','43211500','338-BIFC','DELL','338-BIFC','Intel Core i7-6920HQ (quad Core 2.90 Ghz, 3.80GHz Turbo, 8B 45W','Intel Core i7-6920HQ (quad Core 2.90 Ghz, 3.80GHz Turbo, 8B 45W','EACH',1,741.43,481.93,35,5,1);
insert into product (id,clin,unspsc,oem,oem_name,sku,name,description,unit_measure,quantity,msrp,price,discount,category_id,version) values (97,'1105','43211500','319-BBDS, 320-BBQV, 391 BCFF','DELL','319-BBDS, 320-BBQV, 391 BCFF','15.6 UltraSharp™ FHD IPS (1920x1080) Wide View Anti-Glare LED-b','15.6 UltraSharp™ FHD IPS (1920x1080) Wide View Anti-Glare LED-b','EACH',1,270.00,175.50,35,5,1);
insert into product (id,clin,unspsc,oem,oem_name,sku,name,description,unit_measure,quantity,msrp,price,discount,category_id,version) values (98,'1106','43211500','370-ACSV','DELL','370-ACSV','32GB (2x16GB) 2133MHz DDR4 SDRAM, Non-ECC','32GB (2x16GB) 2133MHz DDR4 SDRAM, Non-ECC','EACH',1,588.57,382.57,35,5,1);
insert into product (id,clin,unspsc,oem,oem_name,sku,name,description,unit_measure,quantity,msrp,price,discount,category_id,version) values (99,'1107','43211500','580-ACLF','DELL','580-ACLF','Internal Dual Pointing Backlit Keyboard, English','Internal Dual Pointing Backlit Keyboard, English','EACH',1,50.00,32.50,35,5,1);
insert into product (id,clin,unspsc,oem,oem_name,sku,name,description,unit_measure,quantity,msrp,price,discount,category_id,version) values (100,'1108','43211500','338-BHRI','DELL','338-BHRI','Smart card Thunderbolt','Smart card Thunderbolt','EACH',1,42.86,27.86,35,5,1);
insert into product (id,clin,unspsc,oem,oem_name,sku,name,description,unit_measure,quantity,msrp,price,discount,category_id,version) values (1010,'1109','43211500','401-AAPS','DELL','401-AAPS','Secondary drive 1TB 2.5 inch 7200 rpm SATA Hard Drive','Secondary drive 1TB 2.5 inch 7200 rpm SATA Hard Drive','EACH',1,198.57,129.07,35,5,1);
insert into product (id,clin,unspsc,oem,oem_name,sku,name,description,unit_measure,quantity,msrp,price,discount,category_id,version) values (1020,'2000b','81110000','997-1022,997-1024, 935-8283','DELL','997-1022,997-1024, 935-8283','4 Year Basic Hardware Service with 4 Year NBD Onsite Service','4 Year Basic Hardware Service with 4 Year NBD Onsite Service','EACH',1,577.66,398.59,31,15,1);
insert into product (id,clin,unspsc,oem,oem_name,sku,name,description,unit_measure,quantity,msrp,price,discount,category_id,version) values (103,'2001b','81110000','997-1022,997-1025, 933- 9854','DELL','997-1022,997-1025, 933- 9854','5 Year Basic Hardware Service with 5 Year NBD Onsite Service','5 Year Basic Hardware Service with 5 Year NBD Onsite Service','EACH',1,823.23,568.03,31,15,1);
insert into product (id,clin,unspsc,oem,oem_name,sku,name,description,unit_measure,quantity,msrp,price,discount,category_id,version) values (104,'2002b','81110000','997-8317, 997-8328, 997-8334, 935-8283','DELL','997-8317, 997-8328, 997-8334, 935-8283','4 Year Basic Hardware Service with NBD Onsite Service','4 Year Basic Hardware Service with NBD Onsite Service','EACH',1,475.66,328.21,31,16,1);
insert into product (id,clin,unspsc,oem,oem_name,sku,name,description,unit_measure,quantity,msrp,price,discount,category_id,version) values (105,'2003b','81110000','997-8317, 997-8328, 997-8335,933-9854','DELL','997-8317, 997-8328, 997-8335,933-9854','5 Year Basic Hardware Service with  NBD Onsite Service','5 Year Basic Hardware Service with  NBD Onsite Service','EACH',1,588.23,405.88,31,16,1);
insert into product (id,clin,unspsc,oem,oem_name,sku,name,description,unit_measure,quantity,msrp,price,discount,category_id,version) values (106,'2004d','81110000','804-2167, 804-2169, 935-8283','DELL','804-2167, 804-2169, 935-8283','4 Year Hardware Service with In-Home/Onsite Service After Remote Diagnosis','4 Year Hardware Service with In-Home/Onsite Service After Remote Diagnosis','EACH',1,516.66,356.50,31,16,1);
insert into product (id,clin,unspsc,oem,oem_name,sku,name,description,unit_measure,quantity,msrp,price,discount,category_id,version) values (107,'2005d','81110000','804-2167, 804-2170,933- 9854','DELL','804-2167, 804-2170,933-9854','5 Year Hardware Service with In-Home/Onsite Service After Remote Diagnosis','5 Year Hardware Service with In-Home/Onsite Service After Remote Diagnosis','EACH',1,619.23,427.27,31,17,1);
insert into product (id,clin,unspsc,oem,oem_name,sku,name,description,unit_measure,quantity,msrp,price,discount,category_id,version) values (108,'2006d','81110000','997-8317, 997-8328, 997-8334, 935-8283','DELL','997-8317, 997-8328, 997-8334, 935-8283','4 Years Hardware Service with In-Home/Onsite Service After Remote Diagnosis','4 Years Hardware Service with In-Home/Onsite Service After Remote Diagnosis','EACH',1,475.66,328.21,31,17,1);
insert into product (id,clin,unspsc,oem,oem_name,sku,name,description,unit_measure,quantity,msrp,price,discount,category_id,version) values (109,'2007d','81110000','997-8317, 997-8328, 997-8335,933-9854','DELL','997-8317, 997-8328, 997-8335,933-9854','5 Years Hardware Service with In-Home/Onsite Service After Remote Diagnosis','5 Years Hardware Service with In-Home/Onsite Service After Remote Diagnosis','EACH',1,588.23,405.88,31,18,1);
insert into product (id,clin,unspsc,oem,oem_name,sku,name,description,unit_measure,quantity,msrp,price,discount,category_id,version) values (110,'2008b','81110000','804-2238, 804-2240,935-8283','DELL','804-2238, 804-2240,935-8283','Ultralight 14 4 Year Hardware Service with Onsite Service After Remote Diagnosis','Ultralight 14 4 Year Hardware Service with Onsite Service After Remote Diagnosis','EACH',1,475.66,328.21,31,17,1);
insert into product (id,clin,unspsc,oem,oem_name,sku,name,description,unit_measure,quantity,msrp,price,discount,category_id,version) values (111,'2009b','81110000','804-2238, 804-2241,933-9854','DELL','804-2238, 804-2241,933-9854','Ultralight 14 5 Year Hardware Service with Onsite Service After Remote Diagnosis','Ultralight 14 5 Year Hardware Service with Onsite Service After Remote Diagnosis','EACH',1,588.23,405.88,31,17,1);
insert into product (id,clin,unspsc,oem,oem_name,sku,name,description,unit_measure,quantity,msrp,price,discount,category_id,version) values (112,'2010','81110000','988-5542','DELL','988-5542','2 Years Extended Battery Service for Years 2 and 3 of System Life','2 Years Extended Battery Service for Years 2 and 3 of System Life','EACH',1,89.00,61.41,31,20,1);
insert into product (id,clin,unspsc,oem,oem_name,sku,name,description,unit_measure,quantity,msrp,price,discount,category_id,version) values (113,'2011','81110000','997-8380, 997-8381, 997- 8382, 997-8383, 997-8317,997-8366','DELL','997-8380, 997-8381, 997- 8382, 997-8383, 997-8317,997-8366','3 Years ProSupport Plus with Next Business Day Onsite Service','3 Years ProSupport Plus with Next Business Day Onsite Service','EACH',1,541.00,351.65,35,18,1);
insert into product (id,clin,unspsc,oem,oem_name,sku,name,description,unit_measure,quantity,msrp,price,discount,category_id,version) values (114,'2012','81110000','998-0538, 998-0547, 998-0548,998-0549,998-0550','DELL','998-0538, 998,0547, 998-0548,998-0549,998-0550','Ultralight 12 3 Year ProSupport Plus with Next Business Day Onsite S','Ultralight 12 3 Year ProSupport Plus with Next Business Day Onsite S','EACH',1,612.00,397.80,35,17,1);
insert into product (id,clin,unspsc,oem,oem_name,sku,name,description,unit_measure,quantity,msrp,price,discount,category_id,version) values (115,'2013','81110000','804-2238, 804-2244','DELL','804-2238, 804-2244','Ultralight 14 3 Year Prosupport warranty','Ultralight 14 3 Year Prosupport warranty','EACH',1,427.00,277.5,35,17,1);
insert into product (id,clin,unspsc,oem,oem_name,sku,name,description,unit_measure,quantity,msrp,price,discount,category_id,version) values (116,'2014','81110000','804-2238, 804-2256, 804-2257, 804-2258, 804-2259','DELL','804-2238, 804-2256, 804-2257, 804-2258, 804-2259','Ultralight 14 3 Year ProSupport Plus with Next Business Day Onsite Service','Ultralight 14 3 Year ProSupport Plus with Next Business Day Onsite Service','EACH',1,541.00,351.65,35,17,1);
insert into product (id,clin,unspsc,oem,oem_name,sku,name,description,unit_measure,quantity,msrp,price,discount,category_id,version) values (117,'2015','81110000','804-2238, 804-2264, 804-2265, 804-2266, 804-2267','DELL','804-2238, 804-2264, 804-2265, 804-2266, 804-2267','Ultralight 14 4 Year ProSupport Plus with Next Business Day Onsite Service','Ultralight 14 4 Year ProSupport Plus with Next Business Day Onsite Service','EACH',1,702.00,456.30,35,17,1);
insert into product (id,clin,unspsc,oem,oem_name,sku,name,description,unit_measure,quantity,msrp,price,discount,category_id,version) values (118,'3000a','81110000','365-1245,365-1401','DELL','365-1245,365-1401','Computrace 3 Year','Computrace 3 Year','EACH',1,174.95,134.71,23,20,1);
insert into product (id,clin,unspsc,oem,oem_name,sku,name,description,unit_measure,quantity,msrp,price,discount,category_id,version) values (119,'3001','81110000','TIG-AIN-NBK','TIG','TIG-AIN-NBK','Asset Information via Internet','Asset Information via Internet','EACH',1,0.00,0.00,23,20,1);
insert into product (id,clin,unspsc,oem,oem_name,sku,name,description,unit_measure,quantity,msrp,price,discount,category_id,version) values (120,'3002','81110000','TIG-ATG-NBK','TIG','TIG-ATG-NBK','Asset Tagging Services - Customer Provided Tags','Asset Tagging Services - Customer Provided Tags','EACH',1,10.00,7.70,23,20,1);
insert into product (id,clin,unspsc,oem,oem_name,sku,name,description,unit_measure,quantity,msrp,price,discount,category_id,version) values (121,'3003','81110000','TIG-DIS-NBK','TIG','TIG-DIS-NBK','Take-Back Services','Take-Back Services','EACH',1,10.00,7.70,23,20,1);
insert into product (id,clin,unspsc,oem,oem_name,sku,name,description,unit_measure,quantity,msrp,price,discount,category_id,version) values (122,'*Non-Core','81110000','TIG-DLG-NBK','TIG','TIG-DLG-NBK','Deployments & Logistics Services','Deployments & Logistics Services','EACH',1,46.00,35.42,23,20,1);
insert into product (id,clin,unspsc,oem,oem_name,sku,name,description,unit_measure,quantity,msrp,price,discount,category_id,version) values (123,'3005','81110000','TIG-EMG-NBK','TIG','TIG-EMG-NBK','Emergency Services ( 4 hour response)','Emergency Services ( 4 hour response)','EACH',1,58.00,44.66,23,20,1);
insert into product (id,clin,unspsc,oem,oem_name,sku,name,description,unit_measure,quantity,msrp,price,discount,category_id,version) values (124,'3006','81110000','TIG-IMG-NBK','TIG','TIG-IMG-NBK','Imaging','Imaging','EACH',1,27.00,20.79,23,20,1);
insert into product (id,clin,unspsc,oem,oem_name,sku,name,description,unit_measure,quantity,msrp,price,discount,category_id,version) values (125,'3007','81110000','TIG-INS-NBK','TIG','TIG-INS-NBK','Installation Services','Installation Services','EACH',1,40.00,30.80,23,20,1);
insert into product (id,clin,unspsc,oem,oem_name,sku,name,description,unit_measure,quantity,msrp,price,discount,category_id,version) values (126,'3008','81110000','TIG-SWC-NBK','TIG','TIG-SWC-NBK','Self-Warranty Certification','Self-Warranty Certification','EACH',1,0.00,0.00,23,20,1);
insert into product (id,clin,unspsc,oem,oem_name,sku,name,description,unit_measure,quantity,msrp,price,discount,category_id,version) values (127,'100c','43211900','210-AIIJ , 806-2763','DELL','210-AIIJ , 806-2763','P1917s 19 Standard Monitor','P1917s 19 Standard Monitor','EACH',1,249.99,169.99,32,21,1);
insert into product (id,clin,unspsc,oem,oem_name,sku,name,description,unit_measure,quantity,msrp,price,discount,category_id,version) values (128,'101b','43211900','858-BBCU','DELL','858-BBCU','P2016 19.5 WideScreen Monitor','P2016 19.5 WideScreen Monitor','EACH',1,189.99,129.20,32,21,1);
insert into product (id,clin,unspsc,oem,oem_name,sku,name,description,unit_measure,quantity,msrp,price,discount,category_id,version) values (129,'102a','43211900','TD2220','VIEWSONIC','TD2220','22 Touchscreen Monitor','22 Touchscreen Monitor','EACH',1,445.00,302.60,32,23,1);
insert into product (id,clin,unspsc,oem,oem_name,sku,name,description,unit_measure,quantity,msrp,price,discount,category_id,version) values (130,'103b','43211900','210-AIIC, 806-2763','DELL','210-AIIC, 806-2763','P2217 22 Widescreen Monitor','P2217 22 Widescreen Monitor','EACH',1,219.99,149.59,32,23,1);
insert into product (id,clin,unspsc,oem,oem_name,sku,name,description,unit_measure,quantity,msrp,price,discount,category_id,version) values (131,'104c','43211900','320-9794, 806-2763','DELL','210-AIIM, 806-2763','P2417H 24 Widescreen Monitor','P2417H 24 Widescreen Monitor','EACH',1,299.99,203.99,32,25,1);
insert into product (id,clin,unspsc,oem,oem_name,sku,name,description,unit_measure,quantity,msrp,price,discount,category_id,version) values (132,'105b','43211900','VG2847SMH','VIEWSONIC','VG2847SMH','28 Widescreen Monitor','28 Widescreen Monitor','EACH',1,552.00,375.36,32,26,1);
insert into product (id,clin,unspsc,oem,oem_name,sku,name,description,unit_measure,quantity,msrp,price,discount,category_id,version) values (133,'106d','43211900','210-AJGT, 810-6396','DELL','210-AJGT, 810-6396','UP3017 30 Widescreen Monitor','UP3017 30 Widescreen Monitor','EACH',1,1399.99,951.99,32,27,1);
insert into product (id,clin,unspsc,oem,oem_name,sku,name,description,unit_measure,quantity,msrp,price,discount,category_id,version) values (134,'200a','43211900','A3793590','DELL','A3793590','MS - Display cable - DVI-D M - DVI-D M - 6.6 ft ( included in the 22 widescreen monitor)','MS - Display cable - DVI-D M - DVI-D M - 6.6 ft ( included in the 22 widescreen monitor)','EACH',1,12.99,8.96,31,28,1);
insert into product (id,clin,unspsc,oem,oem_name,sku,name,description,unit_measure,quantity,msrp,price,discount,category_id,version) values (135,'201b','43211900','A7639742','DELL','A7639742','6FT C2G DISPLAYPORT CABLE M/M BLK','6FT C2G DISPLAYPORT CABLE M/M BLK','EACH',1,15.99,11.04,31,28,1);
insert into product (id,clin,unspsc,oem,oem_name,sku,name,description,unit_measure,quantity,msrp,price,discount,category_id,version) values (136,'202','81110000','318-2885','DELL','318-2885','Dell USB Monitor Soundbar AC511','Dell USB Monitor Soundbar AC511','EACH',1,34.99,24.14,31,28,1);
insert into product (id,clin,unspsc,oem,oem_name,sku,name,description,unit_measure,quantity,msrp,price,discount,category_id,version) values (137,'203','81110000','332-1235','DELL','332-1235','Dell MSA14 Single Monitor Arm Stand','Dell MSA14 Single Monitor Arm Stand','EACH',1,129.99,89.69,31,28,1);
insert into product (id,clin,unspsc,oem,oem_name,sku,name,description,unit_measure,quantity,msrp,price,discount,category_id,version) values (138,'204','81110000','332-1236','DELL','332-1236','Dell MDS14 Dual Monitor Stand','Dell MDS14 Dual Monitor Stand','EACH',1,169.99,117.29,31,28,1);
insert into product (id,clin,unspsc,oem,oem_name,sku,name,description,unit_measure,quantity,msrp,price,discount,category_id,version) values (139,'205','81110000','855-BBBN','DELL','855-BBBN','Dell MDA17 Dual Monitor Stand','Dell MDA17 Dual Monitor Stand','EACH',1,249.99,172.50,31,28,1);

insert into product (id,clin,unspsc,oem,oem_name,sku,name,description,unit_measure,quantity,msrp,price,discount,category_id,version) values (140,'300a','81110000','983-7873, 986-4872','DELL','983-7873, 986-4872','Upgrade 4 Year Warranty Exchange Replacement','Upgrade 4 Year Warranty Exchange Replacement','EACH',1,39.00,26.91,31,29,1);
insert into product (id,clin,unspsc,oem,oem_name,sku,name,description,unit_measure,quantity,msrp,price,discount,category_id,version) values (141,'301a','81110000','983-1324','DELL','983-1324','Upgrade 5 Year Warranty Exchange Replacement','Upgrade 5 Year Warranty Exchange Replacement','EACH',1,49.00,33.81,31,29,1);
insert into product (id,clin,unspsc,oem,oem_name,sku,name,description,unit_measure,quantity,msrp,price,discount,category_id,version) values (142,'302b','81110000','810-6398','DELL','810-6398','Upgrade 4 Year Warranty Exchange Replacement','Upgrade 4 Year Warranty Exchange Replacement','EACH',1,100.00,69.00,31,30,1);
insert into product (id,clin,unspsc,oem,oem_name,sku,name,description,unit_measure,quantity,msrp,price,discount,category_id,version) values (143,'303b','81110000','810-6399','DELL','810-6399','Upgrade 5 Year Warranty Exchange Replacement','Upgrade 5 Year Warranty Exchange Replacement','EACH',1,150.00,103.50,31,30,1);
insert into product (id,clin,unspsc,oem,oem_name,sku,name,description,unit_measure,quantity,msrp,price,discount,category_id,version) values (144,'304','81110000','LCD-EEEW-27-01','VIEWSONIC','LCD-EEEW-27-01','Upgrade 4 Year Warranty Exchange Replacement','Upgrade 4 Year Warranty Exchange Replacement','EACH',1,72.00,49.68,31,29,1);
insert into product (id,clin,unspsc,oem,oem_name,sku,name,description,unit_measure,quantity,msrp,price,discount,category_id,version) values (145,'305','81110000','LCD-EEEW-27-02','VIEWSONIC','LCD-EEEW-27-02','Upgrade 5 Year Warranty Exchange Replacement','Upgrade 5 Year Warranty Exchange Replacement','EACH',1,121.00,83.49,31,29,1);
insert into product (id,clin,unspsc,oem,oem_name,sku,name,description,unit_measure,quantity,msrp,price,discount,category_id,version) values (146,'306','81110000','806-2756','DELL','806-2756','Upgrade 4 Year Warranty Exchange Replacement','Upgrade 4 Year Warranty Exchange Replacement','EACH',1,19.00,13.11,31,31,1);
insert into product (id,clin,unspsc,oem,oem_name,sku,name,description,unit_measure,quantity,msrp,price,discount,category_id,version) values (147,'307','81110000','806-2757','DELL','806-2757','Upgrade 5 Year Warranty Exchange Replacement','Upgrade 5 Year Warranty Exchange Replacement','EACH',1,29.00,20.01,31,31,1);
insert into product (id,clin,unspsc,oem,oem_name,sku,name,description,unit_measure,quantity,msrp,price,discount,category_id,version) values (148,'101','43211500','W8E24UP','HP','W8E24UP','HP IDS UMA HM76 noWWAN 640 G2 BNBPC,','HP IDS UMA HM76 noWWAN 640 G2 BNBPC, Win 7 Professional 64, Intel Core i5-6200 Dual Core, No Webcam, 14 LED HD SVA AG, 4GB 1600MHz 2133 DDR4, 500GB 7200RPM, TP 640 G1, 3 Cell 55 WHr, No Finger Print Reader, DVD+/-RW SM DL UB, MDC v.92 Modem, Intel 6235 abgn 2x2 WW, Bluetooth 4.0, No WWAN Module, 3/3/0 Warranty, NO vPro AMT supported Feature, eStar IOPT Module, 65W Hardware Kit, Core i5-G6 Label, MS Win7 Logo BLU Label, HP 3y NextBusDayOnsite Notebook Only SVC','EACH',1,1325.00,689.00,48,32,1);
insert into product (id,clin,unspsc,oem,oem_name,sku,name,description,unit_measure,quantity,msrp,price,discount,category_id,version) values (149,'202','43211500','W8E25UP','HP','W8E25UP','Power Laptop 640 G2, Win 7 Pro 64 US, UMA i5-6200U, ','Power Laptop 640 G2, Win 7 Pro 64 US, UMA i5-6200U, No Webcam, 14 inch LED HD SVA Anti-Glare flat (1366x768), 8GB (2x4GB) 2133 DDR4, 500GB 7200RPM, DVD+/-RW SuperMulti DL, Near Field Communication, Intel 8260 ac 2x2 +Bluetooth 4.2 LE WW, No WWAN, No Fingerprint Reader, 3 Cell 48 WHr Long, Life, 65 Watt Smart nPFC AC Adapter, C5 1.0m Power Cord US, 3/3/0 Warranty US, NO vPro AMT supported Feature, SGX Permanent Disable IOPT, Touchpad US, Country Localization US, eStar Enable IOPT, 3 year Battery Warranty Card, Core i5 G6 Label, HP 3 year Next business day Onsite Notebook Only Service','EACH',1,1395.00,725.40,48,33,1);
insert into product (id,clin,unspsc,oem,oem_name,sku,name,description,unit_measure,quantity,msrp,price,discount,category_id,version) values (150,'203','43211500','X1W81UP','HP','X1W81UP','Power Laptop 640 G2 i7, HP IDS UMA i7-6600U ','Power Laptop 640 G2 i7, HP IDS UMA i7-6600U fWWAN 640 G2 BNBPC, Win 7 Professional 64 640, No Webcam 640, 14 LED HD SVA AG flat 640, 8GB (2x4GB) 2133 DDR4, 500GB 7200RPM 640, DVD+/-RW SM DL 640, Near Field Communication 640, Intel 8260 ac 2x2 +BT 4.2 LE WW 640, No WWAN 640, No Fingerprint Reader 640, 3 Cell 48 WHr Long Life 640, 65 Watt Smart nPFC AC Adapter 640, C5 1.0m Power Cord 640, 3/3/0 Warranty 640, AMT Enabled Module 640, TP 640, Country Localization 640, eStar Enable IOPT,3 year Battery Warranty Card, Intel Core i7 vPro G6 an Label, HP 3y NextBusDayOnsite Notebook Only','EACH',1,1715.00,891.80,48,33,1);
insert into product (id,clin,unspsc,oem,oem_name,sku,name,description,unit_measure,quantity,msrp,price,discount,category_id,version) values (151,'204','43211500','X1D03UP','HP','X1D03UP','HP ProBook 650G2 i5, Win 7 Pro 64, UMA i5-6300U, ','HP ProBook 650G2 i5, Win 7 Pro 64, UMA i5-6300U, No Webcam, 15.6 inch LED HD SVA Anti-Glare flat (1366x768), 4GB (1x4GB) 2133 DDR4, 500GB 7200RPM, DVD+/-RW SuperMulti DL, No Serial Port, No Near Field Communication, Intel 7265 ac 2x2 nvP WW, No Fingerprint Reader, 3 Cell 48 WHr Long Life, 65 Watt Smart nPFC AC Adapter, C5 1.0m Power Cord US, 3/3/0 Warranty US, No vPro AMT Supported, SGX Permanent Disable IOPT, Dual Point Backlit US, Country Localization US, eStar Enable IOPT, 3 year Battery Warranty Card, Core i5 G6 Label','EACH',1,1850.00,962.00,48,33,1);
insert into product (id,clin,unspsc,oem,oem_name,sku,name,description,unit_measure,quantity,msrp,price,discount,category_id,version) values (152,'205','43211500','X1W80UP','HP','X1W80UP','HP IDS UMA i7-6600U fWWAN 650 G2 BNBPC','HP IDS UMA i7-6600U fWWAN 650 G2 BNBPC, Win 7 Professional 64 650, No Webcam 650, 15.6 LED HD SVA AG flat 650, 8GB (2x4GB) 2133 DDR4, 500GB 7200RPM 650, DVD+/-RW SM DL 650, No Serial Port 650, No Near Field Communication 650, Intel 8260 ac 2x2 +BT 4.2 LE WW 650, No WWAN 650, Fingerprint Reader 650, 3 Cell 48 WHr Long Life 650, 65 Watt Smart nPFC AC Adapter 650, C5 1.0m Power Cord 650, 3/3/0 Warranty 650, AMT Enabled Module 650, TP 650, Country Localization 650, eStar Enable IOPT, 3 year Battery Warranty Card, Intel Core i7 vPro G6 an Label, HP 3y NextBusDayOnsite Notebook Only','EACH',1,2250.00,1170.00,48,33,1);
insert into product (id,clin,unspsc,oem,oem_name,sku,name,description,unit_measure,quantity,msrp,price,discount,category_id,version) values (153,'301-B','43211500','L6N36UP','HP','L6N36UP','HP IDS UMA 810 G3 BNBPC,','HP IDS UMA 810 G3 BNBPC, Win 10 Pro 64 w/DG Win7 64, Intel Core i5- 5300U Dual Core, Webcam Integrated 720p HD, 11.6 LED HD UWVA AG, 4GB 1600MHz DDR3L 1DM, 256GB M2 SATA-3 SSD, touchpad Backlit, No Optical Disc Drive, 6 Cell 44 WHr Long Life,  MDC v.92 Modem, Intel 7265AN abgn 2x2 +Bluetooth 4.0 LE MOW, 3/3/3 Warranty, AMT enabled, 45W Hardware Kit, eStar PCID Module, Touch PCID Module, Core i5 vPro-14 BLU Label, MS Win7 Logo BLU Label, HP 3y NextBusDayOnsite Notebook Only SVC','EACH',1,3595.00,1869.40,48,34,1);
insert into product (id,clin,unspsc,oem,oem_name,sku,name,description,unit_measure,quantity,msrp,price,discount,category_id,version) values (154,'302','43211500','W8E26UP','HP','W8E26UP','Powerbook 820 G3 I5, ','Powerbook 820 G3 I5,  UMA i5-6300U, Win 7 Pro 64 US, No Webcam, 12.5 inch LED HD SVA Anti-Glare (1366x768), 4GB (1x4GB) 2133 DDR4, 128GB M2 SATA-3 Three Layer Cell Solid State Drive, No Near Field Communication, Intel 8260 ac 2x2 +Bluetooth 4.2 LE WW, No WWAN, Fingerprint Reader, 3 Cell 44 WHr Long Life, 45 Watt Smart nPFC AC Adapter, C5 1.8m Power Cord US, 3/3/0 Warranty US, AMT Enabled, Dual Point US, Country Localization US, eStar Enable IOPT, 3 year Battery Warranty Card, Core i5 vPro G6 Label , HP 3year NBD Onsite NB Service Only','EACH',1,1698.00,882.96,48,34,1);
insert into product (id,clin,unspsc,oem,oem_name,sku,name,description,unit_measure,quantity,msrp,price,discount,category_id,version) values (155,'302','43211500','W8E26UP','HP','W8E26UP','Powerbook 820 G3 I5,  UMA i5-6300U','Powerbook 820 G3 I5,  UMA i5-6300U, Win 7 Pro 64 US, No Webcam, 12.5 inch LED HD SVA Anti-Glare (1366x768), 4GB (1x4GB) 2133 DDR4, 128GB M2 SATA-3 Three Layer Cell Solid State Drive, No Near Field Communication, Intel 8260 ac 2x2 +Bluetooth 4.2 LE WW, No WWAN, Fingerprint Reader, 3 Cell 44 WHr Long Life, 45 Watt Smart nPFC AC Adapter, C5 1.8m Power Cord US, 3/3/0 Warranty US, AMT Enabled, Dual Point US, Country Localization US, eStar Enable IOPT, 3 year Battery Warranty Card, Core i5 vPro G6 Label , HP 3year NBD Onsite NB Service Only','EACH',1,1698.00,882.96,48,34,1);
insert into product (id,clin,unspsc,oem,oem_name,sku,name,description,unit_measure,quantity,msrp,price,discount,category_id,version) values (156,'303','43211500','W8E27UP','HP','W8E27UP','Powerbook 820 G3 i7, HP IDS UMA i7-6600U ','Powerbook 820 G3 i7, HP IDS UMA i7-6600U 820 G3 Base NB PC, Microsoft Windows 7 Professional 64 US, No Webcam, 12.5 inch LED HD SVA Anti- Glare (1366x768), 8 GB 2133 DDR4 (1D), 128GB M2 SATA-3 Three Layer Cell Solid State Drive,No Near Field Communication, Intel 8260 ac 2x2 +Bluetooth 4.2 LE WW No WWAN, Fingerprint Reader, 3 Cell 44 WHr Long Life, 45 Watt Smart nPFC AC Adapter, C5 1.8m Power Cord US, 3/3/0 Warranty US, AMT Enabled, Dual Point US, Country Localization US, eStar Enable IOPT, 3 year Battery Warranty Card, Core i7 vPro G6 Label, HP 3year NBD Onsite NB Service Only','EACH',1,2475.00,1287.00,48,34,1);
insert into product (id,clin,unspsc,oem,oem_name,sku,name,description,unit_measure,quantity,msrp,price,discount,category_id,version) values (157,'401','43211500','X1U91UP','HP','X1U91UP','ZBook15 Studio Mobile Workstation Z15 G3,','ZBook15 Studio Mobile Workstation Z15 G3, HP IDS DSC i7-6700HQ Studio G3 Base NB PC, Windows 10 Pro 64 w/Downgrade Facilitation Win 7 64 US, Win 10 Driver DVD, NVIDIA Quadro M1000M Graphics, No Webcam, 15.6 inch LED FHD UWVA Anti-Glare (1920x1080), 16GB (2x8GB) 2133 DDR4, 256GB Z Turbo Drive PCIe Solid State Drive, Intel 8260 ac 2x2 non vPro +Bluetooth 4.2 WW, No Fingerprint Reader, 4 Cell 64 WHr Long Life, 150 Watt Smart PFC Slim AC Adapter, C5 1.0m Power Cord US, 3/3/3 Warranty US, NO vPro AMT supported Module, M.2 Carrier Cage, SGX Permanent Disable IOPT, Clickpad Backlit US Country Localization US, 3 year Battery Warranty Card, eStar Enable IOPT, LBL Core i7 G6 Label','EACH',1,2985.00,1552.20,48,35,1);
insert into product (id,clin,unspsc,oem,oem_name,sku,name,description,unit_measure,quantity,msrp,price,discount,category_id,version) values (158,'402','43211500','Y2P60UP','HP','Y2P60UP','HP IDS i7-6820HQ 15 G3 Base NB PC','HP IDS i7-6820HQ 15 G3 Base NB PC, Windows 10 Pro 64 w/Downgrade Facilitation Win 7 64 US, Win 10 Driver DVD, NVIDIA Quadro M1000M 2GB GDDR5 Graphics, No Webcam, 15.6 inch LED FHD UWVA Anti-Glare slim (1920x1080), 16GB (2x8GB)2133 DDR4, 256GB Z Turbo Drive PCIe Solid State Drive, WLAN I 8260 ac 2x2 +BT 4.2 Combo, No WWAN, No Fingerprint Reader, 9 Cell 90 WHr Long Life, 150 Watt Smart PFC Slim AC Adapter, C5 1.0m Power Cord US, 3/3/3 Warranty US, AMT Enabled, Hard Drive Carrier Cage, Dual Point Backlit US, Country Localization US, 3 year Battery Warranty Card, eStar Enable IOPT, LBL Core i7 vPro G6 Label','EACH',1,3075.00,1599.00,48,35,1);
insert into product (id,clin,unspsc,oem,oem_name,sku,name,description,unit_measure,quantity,msrp,price,discount,category_id,version) values (159,'403','43211500','Y0C86UP','HP','Y0C86UP','Zbook 17 Mobile Workstation','Zbook 17 Mobile Workstation, HP IDS i7-6700HQ 17 G3 Base NB PC, Windows 10 Pro 64 US, NVIDIA Quadro M1000M 2GB GDDR5 Graphics, No Webcam, 17.3 inch LED HD+ SVA Anti-Glare flat (1600x900), 16GB (2x8GB) 2133MHz DDR4 , 500GB 7200RPM, Intel 8260 ac 2x2 non vPro +Bluetooth 4.2 WW, No WWAN, No Fingerprint Reader, 6 Cell 96 WHr Long Life, 200 Watt Smart PFC Slim AC Adapter, C13 1.8m Power Cord US, 3/3/3 Warranty US, No vPro AMT Supported, 2nd Hard Drive Carrier Cage, SGX Permanent Disable IOPT, Dual Point Backlit US, Country Localization US, 3 year Battery Warranty Card, eStar Enable IOPT, LBL Core i7 G6 Label','EACH',1,3727.00,1938.04,48,35,1);
insert into product (id,clin,unspsc,oem,oem_name,sku,name,description,unit_measure,quantity,msrp,price,discount,category_id,version) values (160,'1006','43211500','F2B56AA','HP','F2B56AA','External USB DVD+/-RW Drive','External USB DVD+/-RW Drive','EACH',1,171.00,111.15,35,36,1);
insert into product (id,clin,unspsc,oem,oem_name,sku,name,description,unit_measure,quantity,msrp,price,discount,category_id,version) values (161,'1007','43211500','E7U25AA','HP','E7U25AA','HP SB03XL Notebook Battery','HP SB03XL Notebook Battery','EACH',1,146.00,94.90,35,36,1);
insert into product (id,clin,unspsc,oem,oem_name,sku,name,description,unit_measure,quantity,msrp,price,discount,category_id,version) values (162,'1014','43211500','D9Y32AA#ABA','HP','D9Y32AA#ABA','HP UltraSlim Docking Station','HP UltraSlim Docking Station','EACH',1,220.00,143.00,35,36,1);
insert into product (id,clin,unspsc,oem,oem_name,sku,name,description,unit_measure,quantity,msrp,price,discount,category_id,version) values (163,'1032-A','43211500','H5M92AA','HP','H5M92AA','HP Business Top Load Case','HP Business Top Load Case','EACH',1,39.00,25.35,35,37,1);
insert into product (id,clin,unspsc,oem,oem_name,sku,name,description,unit_measure,quantity,msrp,price,discount,category_id,version) values (164,'1056','43211500','A896056','Logitech','A896056','USB Powered External Speakers Logitech: 980-000028-CA','USB Powered External Speakers Logitech: 980-000028-CA','EACH',1,25.00,16.25,35,38,1);
insert into product (id,clin,unspsc,oem,oem_name,sku,name,description,unit_measure,quantity,msrp,price,discount,category_id,version) values (165,'1058','43211500','A896060','Logitech','A896060','Wireless keyboard Logitech: 920-004088-CA','Wireless keyboard Logitech: 920-004088-CA','EACH',1,60.00,39.00,35,39,1);
insert into product (id,clin,unspsc,oem,oem_name,sku,name,description,unit_measure,quantity,msrp,price,discount,category_id,version) values (166,'1059','43211500','A896059','Logitech','A896059','Logitech Headset/Headphone','Logitech Headset/Headphone','EACH',1,30.00,19.50,35,39,1);
insert into product (id,clin,unspsc,oem,oem_name,sku,name,description,unit_measure,quantity,msrp,price,discount,category_id,version) values (167,'1061-A','43211500','A896049','HP','A896049','USB Ergonomic Keyboard','USB Ergonomic Keyboard','EACH',1,35.00,22.75,35,39,1);
insert into product (id,clin,unspsc,oem,oem_name,sku,name,description,unit_measure,quantity,msrp,price,discount,category_id,version) values (168,'1062','43211500','A896051','HP','A896051','Targus USB optical mouse','Targus USB optical mouse','EACH',1,40.00,26.00,35,39,1);
insert into product (id,clin,unspsc,oem,oem_name,sku,name,description,unit_measure,quantity,msrp,price,discount,category_id,version) values (169,'1083','43211500','T1A63AA','HP','T1A63AA','HP Master Keyed Cable Lock 10mm','HP Master Keyed Cable Lock 10mm','EACH',1,41.00,26.65,35,37,1);
insert into product (id,clin,unspsc,oem,oem_name,sku,name,description,unit_measure,quantity,msrp,price,discount,category_id,version) values (170,'1084','43211500','L3L45AV','HP','L3L45AV','8 GB 2133 DDR4 (1D)','8 GB 2133 DDR4 (1D)','EACH',1,123.00,79.95,35,40,1);
insert into product (id,clin,unspsc,oem,oem_name,sku,name,description,unit_measure,quantity,msrp,price,discount,category_id,version) values (171,'1085','43211500','L3M18AV','HP','L3M18AV','16 GB 2133 DDR4 (2D)','16 GB 2133 DDR4 (2D)','EACH',1,515.00,334.75,35,40,1);
insert into product (id,clin,unspsc,oem,oem_name,sku,name,description,unit_measure,quantity,msrp,price,discount,category_id,version) values (172,'1086','43211500','L3L49AV','HP','L3L49AV','180 GB M2 SATA-3 SED OPAL2 MLC SSD','180 GB M2 SATA-3 SED OPAL2 MLC SSD','EACH',1,250.00,162.50,35,40,1);
insert into product (id,clin,unspsc,oem,oem_name,sku,name,description,unit_measure,quantity,msrp,price,discount,category_id,version) values (173,'1087','43211500','M7S15AV','HP','M7S15AV','240 GB M2 SATA-3 MLC SSD','240 GB M2 SATA-3 MLC SSD','EACH',1,485.00,315.25,35,40,1);
insert into product (id,clin,unspsc,oem,oem_name,sku,name,description,unit_measure,quantity,msrp,price,discount,category_id,version) values (174,'1088','43211500','N4P36AV','HP','N4P36AV','256 GB PCIe NVMe SSD','256 GB PCIe NVMe SSD','EACH',1,510.00,331.50,35,40,1);
insert into product (id,clin,unspsc,oem,oem_name,sku,name,description,unit_measure,quantity,msrp,price,discount,category_id,version) values (175,'1089','43211500','L9U53AV','HP','L9U53AV','Integrated HD Webcam','Integrated HD Webcam','EACH',1,20.00,13.00,35,40,1);
insert into product (id,clin,unspsc,oem,oem_name,sku,name,description,unit_measure,quantity,msrp,price,discount,category_id,version) values (176,'1090','43211500','L3L39AV','HP','L3L39AV','12.5 LED HD SVA Anti-Glare enabled for Webcam (1366x768)','12.5 LED HD SVA Anti-Glare enabled for Webcam (1366x768)','EACH',1,178.00,115.70,35,40,1);
insert into product (id,clin,unspsc,oem,oem_name,sku,name,description,unit_measure,quantity,msrp,price,discount,category_id,version) values (177,'1091','43211500','M2K50AV','HP','M2K50AV','Integrated Fingerprint Reader','Integrated Fingerprint Reader','EACH',1,7.00,4.55,35,41,1);
insert into product (id,clin,unspsc,oem,oem_name,sku,name,description,unit_measure,quantity,msrp,price,discount,category_id,version) values (178,'1092','43211500','L8X75AV','HP','L8X75AV','Integrated HD Webcam','Integrated HD Webcam','EACH',1,10.00,6.50,35,41,1);
insert into product (id,clin,unspsc,oem,oem_name,sku,name,description,unit_measure,quantity,msrp,price,discount,category_id,version) values (179,'1093','43211500','L8U82AV','HP','L8U82AV','14 LED HD SVA Anti-Glare enabled for Webcam flat (1366x768)','14 LED HD SVA Anti-Glare enabled for Webcam flat (1366x768)','EACH',1,72.00,46.80,35,41,1);
insert into product (id,clin,unspsc,oem,oem_name,sku,name,description,unit_measure,quantity,msrp,price,discount,category_id,version) values (180,'1094','43211500','D9Y32AA#ABA','HP','D9Y32AA#ABA','HP UltraSlim Docking Station','HP UltraSlim Docking Station','EACH',1,220.00,143.00,35,41,1);
insert into product (id,clin,unspsc,oem,oem_name,sku,name,description,unit_measure,quantity,msrp,price,discount,category_id,version) values (181,'1095','43211500','L8Z30AV','HP','L8Z30AV','1TB 5400RPM 640','1TB 5400RPM 640','EACH',1,174.00,113.10,35,41,1);
insert into product (id,clin,unspsc,oem,oem_name,sku,name,description,unit_measure,quantity,msrp,price,discount,category_id,version) values (182,'1096','43211500','L8Z39AV','HP','L8Z39AV','180 GB M2 SATA-3 SED OPAL2 MLC SSD','180 GB M2 SATA-3 SED OPAL2 MLC SSD','EACH',1,214.00,139.10,35,41,1);
insert into product (id,clin,unspsc,oem,oem_name,sku,name,description,unit_measure,quantity,msrp,price,discount,category_id,version) values (183,'1097','43211500','L8Z96AV','HP','L8Z96AV','Blu-ray ROM DVD+/-RW SuperMulti DL Drive','Blu-ray ROM DVD+/-RW SuperMulti DL Drive','EACH',1,119.00,77.35,35,41,1);
insert into product (id,clin,unspsc,oem,oem_name,sku,name,description,unit_measure,quantity,msrp,price,discount,category_id,version) values (184,'1098','43211500','T5D77AV','HP','T5D77AV','240 GB M2 SATA-3 MLC SSD','240 GB M2 SATA-3 MLC SSD','EACH',1,341.00,221.65,35,41,1);
insert into product (id,clin,unspsc,oem,oem_name,sku,name,description,unit_measure,quantity,msrp,price,discount,category_id,version) values (185,'1099','43211500','E7U21AA','HP','E7U21AA','HP CA06XL Long Life Battery','HP CA06XL Long Life Battery','EACH',1,146.00,94.90,35,41,1);
insert into product (id,clin,unspsc,oem,oem_name,sku,name,description,unit_measure,quantity,msrp,price,discount,category_id,version) values (186,'1100','43211500','H2L63AA','HP','H2L63AA','HP Comfort Grip Wireless Mobile Mouse','HP Comfort Grip Wireless Mobile Mouse','EACH',1,31.00,20.15,35,41,1);
insert into product (id,clin,unspsc,oem,oem_name,sku,name,description,unit_measure,quantity,msrp,price,discount,category_id,version) values (187,'1101','43211500','M3X50AV','HP','M3X50AV','16 GB 2133 DDR4 (2D)','16 GB 2133 DDR4 (2D)','EACH',1,287.00,186.55,35,41,1);
insert into product (id,clin,unspsc,oem,oem_name,sku,name,description,unit_measure,quantity,msrp,price,discount,category_id,version) values (188,'1102','43211500','L8U71AV','HP','L8U71AV','15.6 LED HD SVA Anti-Glare enabled for WWAN enabled for Webcam flat','15.6 LED HD SVA Anti-Glare enabled for WWAN enabled for Webcam flat','EACH',1,78.00,50.70,35,41,1);
insert into product (id,clin,unspsc,oem,oem_name,sku,name,description,unit_measure,quantity,msrp,price,discount,category_id,version) values (189,'100-C','UNSPSC','T6V32UP','HP','T6V32UP','HP ProDesk 600 G2 SFF Business PC','HP ProDesk 600 G2 SFF Business PC, Single Unit (SFF) Packaging, ENERGY STAR Qualified Label, HP ProDesk 600 SFF Platinum G2 Chassis, Microsoft Windows 7 Professional 64, Intel Core i5-6500 3.2G 6M 2133 4C CPU, 4GB DDR4-2133 DIMM (1x4GB) RAM, 500GB 7200 RPM SATA 6G 3.5 HDD, HP USB Business Slim Keyboard HP USB Mouse, 9.5mm Slim Desktop, uperMulti DVDRW ODD, 3/3/3 SFF Warranty US, HP ProDesk 600 Country Kit US, Intel Inside Core i5 SFF Label','EACH',1,901.00,450.50,50,43,1);
insert into product (id,clin,unspsc,oem,oem_name,sku,name,description,unit_measure,quantity,msrp,price,discount,category_id,version) values (190,'102-B','UNSPSC','W3U92UP','HP','W3U92UP','Standard Desktop 800G2 SFF','Standard Desktop 800G2 SFF, HP EliteDesk 800 G2 SFF Business PC, Single Unit (SFF) Packaging, ENERGY STAR Qualified Label HP EliteDesk 800 SFF Platinum G2 Chassis Microsoft Windows 7 Professional 64, Intel Core i5-6500 3.2G 6M 2133 4C CPU, 4GB DDR4-2133 (1x4GB) RAM, 500GB 7200 RPM SATA 6G 3.5 HDD, HP USB Business Slim Keyboard, HP USB Mouse, 9.5mm Slim Desktop SuperMulti DVDRW ODD, 3/3/3 (material/labor/onsite) SFF/ST Warranty US HP EliteDesk 800 Country Kit US, Intel Inside Core i5 SFF Label','EACH',1,983.00,491.50,50,43,1);
insert into product (id,clin,unspsc,oem,oem_name,sku,name,description,unit_measure,quantity,msrp,price,discount,category_id,version) values (191,'103-B','UNSPSC','W3U93UP','HP','W3U93UP','Standard Desktop 800G2 CMT','Standard Desktop 800G2 CMT, HP EliteDesk 800 G2 TWR Business PC, Single Unit (TWR) Packaging, ENERGY STAR Qualified Label, HP EliteDesk 800 TWR Platinum G2 Chassis, Microsoft Windows 7 Professional 64, Intel Core i5-6500 3.2G 6M 2133 4C CPU, 4GB DDR4-2133 (1x4GB) RAM, 500GB 7200 RPM SATA 6G 3.5 HDD, HP USB Business Slim Keyboard, HP USB Mouse, 9.5mm Slim Desktop SuperMulti DVDRW ODD, 3/3/3 (material/labor/onsite) TWR Warranty US, HP EliteDesk 800 Country Kit US, Intel Inside Core i5 TWR/MT Label','EACH',1,1019.00,509.50,50,43,1);
insert into product (id,clin,unspsc,oem,oem_name,sku,name,description,unit_measure,quantity,msrp,price,discount,category_id,version) values (192,'101-C','UNSPSC','T6V33UP','HP','T6V33UP','HP EliteDesk STANDARD DT 600G2 CMT, HP ProDesk 600 G2 MT Business PC,','HP EliteDesk STANDARD DT 600G2 CMT, HP ProDesk 600 G2 MT Business PC, Single Unit (MT) Packaging, ENERGY STAR Qualified Label, HP ProDesk 600 MT Platinum G2 Chassis, Microsoft Windows 7 Professional 64, Intel Core i5-6500 3.2G 6M 2133 4C CPU, 4GB DDR4-2133 DIMM (1x4GB) RAM, 500GB 7200 RPM SATA 6G 3.5 HDD, HP USB Business Slim Keyboard, HP USB Mouse, 9.5mm Slim Desktop SuperMulti DVDRW, DD, 3/3/3 (material/labor/onsite) MT Warranty US, HP ProDesk 600 Country Kit US, Intel Inside Core i5 TWR/MT Label','EACH',1,952.00,476.00,50,43,1);
insert into product (id,clin,unspsc,oem,oem_name,sku,name,description,unit_measure,quantity,msrp,price,discount,category_id,version) values (193,'105-A','UNSPSC','T6V05UP','HP','T6V05UP','HP EliteDesk PWR DT 800G2 DM i5, HP EliteDesk 800 G2 DM 65W Business PC,','HP EliteDesk PWR DT 800G2 DM i5, HP EliteDesk 800 G2 DM 65W Business PC, Single Unit (DM) Packaging, ENERGY STAR Qualified Label, Microsoft Windows 7 Professional 64, Intel Core i5-6500 3.2G 6M 2133 4C CPU, 8GB DDR4-2133 SODIMM (2x4GB) RAM, 500GB 7200 RPM SATA 2.5 HDD, HP USB Business Slim Keyboard, HP USB Mouse, HP 90W External Power Supply, 3/3/3 DM Warranty US, HP EliteDesk 800 Country Kit US','EACH',1,1085.00,542.50,50,43,1);
insert into product (id,clin,unspsc,oem,oem_name,sku,name,description,unit_measure,quantity,msrp,price,discount,category_id,version) values (194,'106-A','UNSPSC','T6V04UP','HP','T6V04UP','HP EliteDesk PWR DT 800G2 DM i7, HP EliteDesk 800 G2 DM 65W Business PC, ','HP EliteDesk PWR DT 800G2 DM i7, HP EliteDesk 800 G2 DM 65W Business PC, Single Unit (DM) Packaging, ENERGY STAR Qualified Label, W10P6 DG76 64-bit OS, Intel Core i7-6700 3.4G 8M 2133 4C CPU, 8GB DDR4-2133 SODIMM (2x4GB) RAM, 500GB 7200 RPM SATA 2.5 HDD, HP USB Business Slim Keyboard, HP USB Mouse, HP 90W External Power Supply, 3/3/3 DM Warranty US, HP EliteDesk 800 Country Kit US','EACH',1,1234.00,617.00,50,43,1);
insert into product (id,clin,unspsc,oem,oem_name,sku,name,description,unit_measure,quantity,msrp,price,discount,category_id,version) values (195,'200-C','UNSPSC','T6U97UP','HP','T6U97UP','Power Desktop 800G2 SFF, HP EliteDesk 800 G2 SFF Business PC','Power Desktop 800G2 SFF, HP EliteDesk 800 G2 SFF Business PC, Single Unit (SFF) Packaging, ENERGY STAR Qualified Label, HP EliteDesk 800 SFF Platinum G2 Chassis, Microsoft Windows 7 Professional 64, Intel Core i7-6700 3.4G 8M 2133 4C CPU, 8GB DDR4-2133 (2x4GB) RAM, 500GB 7200 RPM SATA 6G 3.5 HDD, HP USB Business Slim Keyboard, HP USB Mouse, 9.5mm Slim Desktop SuperMulti DVDRW ODD, 3/3/3 (material/labor/onsite) SFF/ST Warranty US, HP EliteDesk 800 Country Kit US, Intel Inside Core i7 SFF Label','EACH',1,1234.00,617.00,50,44,1);
insert into product (id,clin,unspsc,oem,oem_name,sku,name,description,unit_measure,quantity,msrp,price,discount,category_id,version) values (196,'201-C','UNSPSC','T6U98UP','HP','T6U98UP','Power Desktop 800G2 CMT, HP EliteDesk 800 G2 TWR Business PC, ','Power Desktop 800G2 CMT, HP EliteDesk 800 G2 TWR Business PC, Single Unit (TWR) Packaging, ENERGY STAR Qualified Label, HP EliteDesk 800 TWR Platinum G2 Chassis, Microsoft Windows 7 Professional 64, Intel Corei7-6700 3.4G 8M 2133 4C CPU, 8GB DDR4-2133 (2x4GB) RAM, 500GB 7200 RPM SATA 6G 3.5 HDD, HP USB Business Slim Keyboard, HP USB Mouse, 9.5mm Slim Desktop SuperMulti DVDRW ODD, 3/3/3 (material/labor/onsite) TWR Warranty US, HP EliteDesk 800 Country Kit US, Intel Inside Core i7 TWR/MT Label','EACH',1,1271.00,635.50,50,44,1);
insert into product (id,clin,unspsc,oem,oem_name,sku,name,description,unit_measure,quantity,msrp,price,discount,category_id,version) values (197,'300-B','UNSPSC','K5Y37UP','HP','K5Y37UP','HP Z640 Workstation, HP Single Unit Packaging','HP Z640 Workstation, HP Single Unit Packaging, HP Z640 925W 90 Efficient Chassis, Windows 8.1 Pro 64bit DG to Win 7 Pro OS, No Factory OS Recovery Media, Xeon E5-1603v3 4C 2.80 10MB 1866 CPU, 16GB DDR4-2133 (2x8GB) 1CPU Reg RAM, NVIDIA Quadro K2200 4.0GB Graphics, 600GB 15K RPM SAS SFF 1st HDD, HP USB Keyboard, HP USB Optical Mouse, 9.5mm Slim SuperMulti DVDRW 1st ODD, HP 3/3/3 Warranty, HP Z640 Country Kit','EACH',1,3325.00,1662.50,50,45,1);
insert into product (id,clin,unspsc,oem,oem_name,sku,name,description,unit_measure,quantity,msrp,price,discount,category_id,version) values (198,'400-B','UNSPSC','F5A53AA#ABA','HP','F5A53AA#ABA','HP t620 Flexible Series AMD Thin Client WES7E','HP t620 Flexible Series AMD Thin Client WES7E, AMD Fusion t56N 2nd Gen. 1.65GHz dual core 1MB L2 Cache, 4GB (1x4GB) RAM DDR3-1600, 16 GB SSD, 3/3/0 Warranty','EACH',1,720.00,360.00,50,46,1);
insert into product (id,clin,unspsc,oem,oem_name,sku,name,description,unit_measure,quantity,msrp,price,discount,category_id,version) values (199,'500-C','UNSPSC','T6V34UP','HP','T6V34UP','800G2 All In One Desktop, HP EliteOne 800 G2 23-in Touch All-in-One PC','800G2 All In One Desktop, HP EliteOne 800 G2 23-in Touch All-in-One PC, ENERGY STAR Qualified Label, Microsoft Windows 7 Professional 64, Intel Core i5-6500 3.2G 6M 2133 4C CPU, 4GB DDR4-2133 SODIMM (1x4GB) RAM, 500GB 7200 RPM SATA 2.5 1st HDD, HP USB Business Slim Keyboard, HP USB Mouse, 9.5mm Slim 800 G2 AIO SuperMulti DVD ODD, No Included Media Card Reader, 3/3/3 (material/labor/onsite) AiO Warranty US, HP Adjustable Height St 8/7/6/4 G2 AIOs, HP EliteOne 800 G2 AiO Country Kit US, Certified for Skype for Business Label','EACH',1,1661.00,830.50,50,46,1);
insert into product (id,clin,unspsc,oem,oem_name,sku,name,description,unit_measure,quantity,msrp,price,discount,category_id,version) values (200,'1004-A','UNSPSC','L1G56AV','HP','L1G56AV','AMD Radeon R9 350 2GB DH PCIe x16 GFX','AMD Radeon R9 350 2GB DH PCIe x16 GFX','EACH',1,159.00,63.60,60,48,1);
insert into product (id,clin,unspsc,oem,oem_name,sku,name,description,unit_measure,quantity,msrp,price,discount,category_id,version) values (201,'1007-A','UNSPSC','N1T21AV','HP','N1T21AV','Intel 8260 802.11ac PCIe-CL BT VPro','Intel 8260 802.11ac PCIe-CL BT VPro','EACH',1,150.00,60.00,60,48,1);
insert into product (id,clin,unspsc,oem,oem_name,sku,name,description,unit_measure,quantity,msrp,price,discount,category_id,version) values (202,'1009-A','UNSPSC','L1Z45AV','HP','L1Z45AV','Slim Desktop DVD-ROM ODD','Slim Desktop DVD-ROM ODD','EACH',1,28.00,11.20,60,48,1);
insert into product (id,clin,unspsc,oem,oem_name,sku,name,description,unit_measure,quantity,msrp,price,discount,category_id,version) values (203,'1010-A','UNSPSC','N8G29AV','HP','N8G29AV','Intel Core i5-6600 3.3G 6M 2133 4C CPU','Intel Core i5-6600 3.3G 6M 2133 4C CPU','EACH',1,835.00,334.00,60,49,1);
insert into product (id,clin,unspsc,oem,oem_name,sku,name,description,unit_measure,quantity,msrp,price,discount,category_id,version) values (204,'1011-B','UNSPSC','L1Q07AV','HP','L1Q07AV','8GB DDR4-2133 DIMM (2x4GB) RAM','8GB DDR4-2133 DIMM (2x4GB) RAM','EACH',1,215.00,86.00,60,49,1);
insert into product (id,clin,unspsc,oem,oem_name,sku,name,description,unit_measure,quantity,msrp,price,discount,category_id,version) values (205,'1012-A','UNSPSC','L1P96AV','HP','L1P96AV','AMD Radeon R9 350 2GB DH PCIe x16 GFX','AMD Radeon R9 350 2GB DH PCIe x16 GFX','EACH',1,220.00,88.00,60,49,1);
insert into product (id,clin,unspsc,oem,oem_name,sku,name,description,unit_measure,quantity,msrp,price,discount,category_id,version) values (206,'1013-A','UNSPSC','L1Q19AV','HP','L1Q19AV','Intel 7265 802.11AC PCIe BT nVPr','Intel 7265 802.11AC PCIe BT nVPr','EACH',1,81.00,32.40,60,49,1);
insert into product (id,clin,unspsc,oem,oem_name,sku,name,description,unit_measure,quantity,msrp,price,discount,category_id,version) values (207,'1014-A','UNSPSC','L2B27AV','HP','L2B27AV','Slim Desktop DVD-ROM ODD','Slim Desktop DVD-ROM ODD','EACH',1,75.00,30.00,60,49,1);
insert into product (id,clin,unspsc,oem,oem_name,sku,name,description,unit_measure,quantity,msrp,price,discount,category_id,version) values (208,'1015-B','UNSPSC','L1G54AV','HP','L1G54AV','16GB DDR4-2133 DIMM (2x8GB) RAM','16GB DDR4-2133 DIMM (2x8GB) RAM','EACH',1,520.00,208.00,60,48,1);
insert into product (id,clin,unspsc,oem,oem_name,sku,name,description,unit_measure,quantity,msrp,price,discount,category_id,version) values (209,'1018-A','UNSPSC','L1Z12AV','HP','L1Z12AV','1TB 7200 RPM SATA 6G HDD','1TB 7200 RPM SATA 6G HDD','EACH',1,175.00,70.00,60,48,1);
insert into product (id,clin,unspsc,oem,oem_name,sku,name,description,unit_measure,quantity,msrp,price,discount,category_id,version) values (210,'1019-A','UNSPSC','L1Z20AV','HP','L1Z20AV','256GB SATA 2.5 3D SSD','256GB SATA 2.5 3D SSD','EACH',1,575.00,230.00,60,48,1);
insert into product (id,clin,unspsc,oem,oem_name,sku,name,description,unit_measure,quantity,msrp,price,discount,category_id,version) values (211,'1020','UNSPSC','M9S33AV','HP','M9S33AV','180GB SATA 2.5 Non-SED SSD','180GB SATA 2.5 Non-SED SSD','EACH',1,297.00,118.80,60,48,1);
insert into product (id,clin,unspsc,oem,oem_name,sku,name,description,unit_measure,quantity,msrp,price,discount,category_id,version) values (212,'1023-A','UNSPSC','L1P73AV','HP','L1P73AV','HP DisplayPort To DVI-D Adapter','HP DisplayPort To DVI-D Adapter','EACH',1,12.00,4.80,60,48,1);
insert into product (id,clin,unspsc,oem,oem_name,sku,name,description,unit_measure,quantity,msrp,price,discount,category_id,version) values (213,'1025-A','UNSPSC','L4K62AV','HP','L4K62AV','8GB DDR4-2133 SODIMM (2x4GB) RAM','8GB DDR4-2133 SODIMM (2x4GB) RAM','EACH',1,192.00,76.80,60,50,1);
insert into product (id,clin,unspsc,oem,oem_name,sku,name,description,unit_measure,quantity,msrp,price,discount,category_id,version) values (214,'1026-C','UNSPSC','L4K07AV','HP','L4K07AV','128GB SATA 2.5 SSD','128GB SATA 2.5 SSD','EACH',1,160.00,64.00,60,51,1);
insert into product (id,clin,unspsc,oem,oem_name,sku,name,description,unit_measure,quantity,msrp,price,discount,category_id,version) values (215,'1028-A','UNSPSC','N1U53AV','HP','N1U53AV','HP Recline Stand','HP Recline Stand','EACH',1,175.00,70.00,60,52,1);
insert into product (id,clin,unspsc,oem,oem_name,sku,name,description,unit_measure,quantity,msrp,price,discount,category_id,version) values (216,'1030','UNSPSC','VN567AA','HP','VN567AA','Display port cable kit','Display port cable kit','EACH',1,25.00,10.00,60,53,1);
insert into product (id,clin,unspsc,oem,oem_name,sku,name,description,unit_measure,quantity,msrp,price,discount,category_id,version) values (217,'1032-A','UNSPSC','L1W03AV','HP','L1W03AV','16GB DDR4-2133 SODIMM (2x8GB) RAM','16GB DDR4-2133 SODIMM (2x8GB) RAM','EACH',1,400.00,160.00,60,54,1);
insert into product (id,clin,unspsc,oem,oem_name,sku,name,description,unit_measure,quantity,msrp,price,discount,category_id,version) values (218,'1034-A','UNSPSC','N8G54AV','HP','N8G54AV','Intel 8260 802.11ac M.2 BT VPro','Intel 8260 802.11ac M.2 BT VPro','EACH',1,75.00,30.00,60,54,1);
insert into product (id,clin,unspsc,oem,oem_name,sku,name,description,unit_measure,quantity,msrp,price,discount,category_id,version) values (219,'1035-A','UNSPSC','N8G38AV','HP','N8G38AV','120GB SATA 2.5 Opal2 SED SSD','120GB SATA 2.5 Opal2 SED SSD','EACH',1,275.00,110.00,60,54,1);
insert into product (id,clin,unspsc,oem,oem_name,sku,name,description,unit_measure,quantity,msrp,price,discount,category_id,version) values (220,'1037-A','UNSPSC','N8G41AV','HP','N8G41AV','180GB SATA 2.5 Non-SED SSD','180GB SATA 2.5 Non-SED SSD','EACH',1,350.00,140.00,60,54,1);
insert into product (id,clin,unspsc,oem,oem_name,sku,name,description,unit_measure,quantity,msrp,price,discount,category_id,version) values (221,'1038-A','UNSPSC','N8G42AV','HP','N8G42AV','180GB SATA 2.5 Opal2 SED SSD','180GB SATA 2.5 Opal2 SED SSD','EACH',1,350.00,140.00,60,54,1);
insert into product (id,clin,unspsc,oem,oem_name,sku,name,description,unit_measure,quantity,msrp,price,discount,category_id,version) values (222,'1039-A','UNSPSC','L2A59AV','HP','L2A59AV','1TB SATA 6G 2.5 8G SSHD','1TB SATA 6G 2.5 8G SSHD','EACH',1,175.00,70.00,60,54,1);
insert into product (id,clin,unspsc,oem,oem_name,sku,name,description,unit_measure,quantity,msrp,price,discount,category_id,version) values (223,'1040-A','UNSPSC','L2A62AV','HP','L2A62AV','256GB SATA 2.5 Opal2 SED SSD','256GB SATA 2.5 Opal2 SED SSD','EACH',1,500.00,200.00,60,54,1);
insert into product (id,clin,unspsc,oem,oem_name,sku,name,description,unit_measure,quantity,msrp,price,discount,category_id,version) values (224,'1041-A','UNSPSC','L3N90AV','HP','L3N90AV','HP EliteOne 800 G2 23-in Non-Touch AiO','HP EliteOne 800 G2 23-in Non-Touch AiO','EACH',1,2075.00,830.00,60,51,1);
insert into product (id,clin,unspsc,oem,oem_name,sku,name,description,unit_measure,quantity,msrp,price,discount,category_id,version) values (225,'1042','UNSPSC','D9J19AA','HP','D9J19AA','HP Business Speakers','HP Business Speakers','EACH',1,50.00,20.00,60,53,1);
insert into product (id,clin,unspsc,oem,oem_name,sku,name,description,unit_measure,quantity,msrp,price,discount,category_id,version) values (226,'1043','UNSPSC','DC198A','HP','DC198A','HP DVI Cable Kit','HP DVI Cable Kit','EACH',1,30.00,12.00,60,53,1);
insert into product (id,clin,unspsc,oem,oem_name,sku,name,description,unit_measure,quantity,msrp,price,discount,category_id,version) values (227,'1044','UNSPSC','AS615AA','HP','AS615AA','HP DisplayPort To VGA Adapter','HP DisplayPort To VGA Adapter','EACH',1,50.00,20.00,60,53,1);
insert into product (id,clin,unspsc,oem,oem_name,sku,name,description,unit_measure,quantity,msrp,price,discount,category_id,version) values (228,'1045','UNSPSC','DL139A','HP','DL139A','DMS-59 to Dual DVI Cable Kit,accessory','DMS-59 to Dual DVI Cable Kit,accessory','EACH',1,40.00,16.00,60,53,1);
insert into product (id,clin,unspsc,oem,oem_name,sku,name,description,unit_measure,quantity,msrp,price,discount,category_id,version) values (229,'1046','UNSPSC','NL571AA','HP','NL571AA','HP USB Graphics Adapter','HP USB Graphics Adapter','EACH',1,73.00,29.20,60,53,1);
insert into product (id,clin,unspsc,oem,oem_name,sku,name,description,unit_measure,quantity,msrp,price,discount,category_id,version) values (230,'1047','UNSPSC','BU516AA','HP','BU516AA','HP Mobile USB DVDRW Drive','HP Mobile USB DVDRW Drive','EACH',1,125.00,50.00,60,53,1);
insert into product (id,clin,unspsc,oem,oem_name,sku,name,description,unit_measure,quantity,msrp,price,discount,category_id,version) values (231,'1048','UNSPSC','XP688AA','HP','XP688AA','HP DMS-59 to dual DisplayPort Adapter','HP DMS-59 to dual DisplayPort Adapter','EACH',1,40.00,16.00,60,53,1);
insert into product (id,clin,unspsc,oem,oem_name,sku,name,description,unit_measure,quantity,msrp,price,discount,category_id,version) values (232,'1049','UNSPSC','GS567AA','HP','GS567AA','HP DMS 59 to Dual VGA Cable Kit','HP DMS 59 to Dual VGA Cable Kit','EACH',1,30.00,12.00,60,53,1);
insert into product (id,clin,unspsc,oem,oem_name,sku,name,description,unit_measure,quantity,msrp,price,discount,category_id,version) values (233,'1050','UNSPSC','NQ576AA','HP','NQ576AA','HP LCD Speaker Bar','HP LCD Speaker Bar','EACH',1,42.50,17.00,60,53,1);
insert into product (id,clin,unspsc,oem,oem_name,sku,name,description,unit_measure,quantity,msrp,price,discount,category_id,version) values (234,'1051','UNSPSC','E0X93AA','HP','E0X93AA','Intel 6205 802.11 a/b/g/n PCIe x1 WLAN','Intel 6205 802.11 a/b/g/n PCIe x1 WLAN','EACH',1,85.00,34.00,60,53,1);
insert into product (id,clin,unspsc,oem,oem_name,sku,name,description,unit_measure,quantity,msrp,price,discount,category_id,version) values (235,'1052','UNSPSC','A2U57AA','HP','A2U57AA','HP Mobile USB nLS DVDRW Drive','HP Mobile USB nLS DVDRW Drive','EACH',1,170.00,68.00,60,53,1);
insert into product (id,clin,unspsc,oem,oem_name,sku,name,description,unit_measure,quantity,msrp,price,discount,category_id,version) values (236,'1053','UNSPSC','J3J88AV','HP','J3J88AV','300GB 10K RPM SAS SFF 1st HDD','300GB 10K RPM SAS SFF 1st HDD','EACH',1,405.00,162.00,60,55,1);
insert into product (id,clin,unspsc,oem,oem_name,sku,name,description,unit_measure,quantity,msrp,price,discount,category_id,version) values (237,'1054','UNSPSC','J3J90AV','HP','J3J90AV','1.2TB 10K RPM SAS SFF 1st HDD','1.2TB 10K RPM SAS SFF 1st HDD','EACH',1,1010.00,404.00,60,55,1);
insert into product (id,clin,unspsc,oem,oem_name,sku,name,description,unit_measure,quantity,msrp,price,discount,category_id,version) values (238,'1055','UNSPSC','J1P92AV','HP','J1P92AV','NVIDIA Quadro K420 1GB DL-DVI(I)+DP 1st No cables included Graphics','NVIDIA Quadro K420 1GB DL-DVI(I)+DP 1st No cables included Graphics','EACH',1,258.00,103.20,60,55,1);
insert into product (id,clin,unspsc,oem,oem_name,sku,name,description,unit_measure,quantity,msrp,price,discount,category_id,version) values (239,'1056','UNSPSC','J1P95AV','HP','J1P95AV','NVIDIA Quadro K4200 4GB DL-DVI(I)+2xDP 1st No cables included Graphics','NVIDIA Quadro K4200 4GB DL-DVI(I)+2xDP 1st No cables included Graphics','EACH',1,1618.00,647.20,60,55,1);
insert into product (id,clin,unspsc,oem,oem_name,sku,name,description,unit_measure,quantity,msrp,price,discount,category_id,version) values (240,'1057','UNSPSC','J1P96AV','HP','J1P96AV','NVIDIA Quadro K5200 8GB DL-DVI(I)+DL- DVI(D)+2xDP 1st No cables included Graphics','NVIDIA Quadro K5200 8GB DL-DVI(I)+DL- DVI(D)+2xDP 1st No cables included Graphics','EACH',1,3556.00,1422.40,60,55,1);
insert into product (id,clin,unspsc,oem,oem_name,sku,name,description,unit_measure,quantity,msrp,price,discount,category_id,version) values (241,'1058','UNSPSC','J1P93AV','HP','J1P93AV','NVIDIA Quadro K620 2GB DL-DVI(I)+DP 1st No cables included Graphics','NVIDIA Quadro K620 2GB DL-DVI(I)+DP 1st No cables included Graphics','EACH',1,324.00,129.60,60,55,1);
insert into product (id,clin,unspsc,oem,oem_name,sku,name,description,unit_measure,quantity,msrp,price,discount,category_id,version) values (242,'1059','UNSPSC','J6F21AV','HP','J6F21AV','Intel Xeon E5-1607v3 3.10GHz 10MB 1866 4C CPU','Intel Xeon E5-1607v3 3.10GHz 10MB 1866 4C CPU','EACH',1,663.00,265.20,60,55,1);
insert into product (id,clin,unspsc,oem,oem_name,sku,name,description,unit_measure,quantity,msrp,price,discount,category_id,version) values (243,'1060','UNSPSC','J6F20AV','HP','J6F20AV','Intel Xeon E5-1620v3 3.50GHz 10MB 2133 4C CPU','Intel Xeon E5-1620v3 3.50GHz 10MB 2133 4C CPU','EACH',1,970.00,388.00,60,55,1);
insert into product (id,clin,unspsc,oem,oem_name,sku,name,description,unit_measure,quantity,msrp,price,discount,category_id,version) values (244,'1061','UNSPSC','J6F19AV','HP','J6F19AV','Intel Xeon E5-1630v3 3.70GHz 10MB 2133 4C CPU','Intel Xeon E5-1630v3 3.70GHz 10MB 2133 4C CPU','EACH',1,1293.00,517.20,60,55,1);
insert into product (id,clin,unspsc,oem,oem_name,sku,name,description,unit_measure,quantity,msrp,price,discount,category_id,version) values (245,'1062','UNSPSC','J6F18AV','HP','J6F18AV','Intel Xeon E5-1650v3 3.50GHz 15MB 2133 6C CPU','Intel Xeon E5-1650v3 3.50GHz 15MB 2133 6C CPU','EACH',1,1956.00,782.40,60,55,1);
insert into product (id,clin,unspsc,oem,oem_name,sku,name,description,unit_measure,quantity,msrp,price,discount,category_id,version) values (246,'1063','UNSPSC','J6F17AV','HP','J6F17AV','Intel Xeon E5-1660v3 3.00GHz 20MB 2133 8C CPU','Intel Xeon E5-1660v3 3.00GHz 20MB 2133 8C CPU','EACH',1,3395.00,1358.00,60,55,1);
insert into product (id,clin,unspsc,oem,oem_name,sku,name,description,unit_measure,quantity,msrp,price,discount,category_id,version) values (247,'1064','UNSPSC','J6F16AV','HP','J6F16AV','Intel Xeon E5-1680v3 3.20GHz 20MB 2133 8C CPU','Intel Xeon E5-1680v3 3.20GHz 20MB 2133 8C CPU','EACH',1,5335.00,2134.00,60,55,1);
insert into product (id,clin,unspsc,oem,oem_name,sku,name,description,unit_measure,quantity,msrp,price,discount,category_id,version) values (248,'1065','UNSPSC','J6F36AV','HP','J6F36AV','Intel Xeon E5-2630v3 2.40GHz 20MB 1866 8C CPU','Intel Xeon E5-2630v3 2.40GHz 20MB 1866 8C CPU','EACH',1,2102.00,840.80,60,55,1);
insert into product (id,clin,unspsc,oem,oem_name,sku,name,description,unit_measure,quantity,msrp,price,discount,category_id,version) values (249,'1066','UNSPSC','G8X31AV','HP','G8X31AV','32GB DDR4-2133 (4x8GB) 1CPU RegRAM','32GB DDR4-2133 (4x8GB) 1CPU RegRAM','EACH',1,1940.00,776.00,60,55,1);
insert into product (id,clin,unspsc,oem,oem_name,sku,name,description,unit_measure,quantity,msrp,price,discount,category_id,version) values (250,'1067','UNSPSC','G8X38AV','HP','G8X38AV','32GB DDR4-2133 (4x8GB) 2CPU RegRAM','32GB DDR4-2133 (4x8GB) 2CPU RegRAM','EACH',1,1940.00,776.00,60,55,1);
insert into product (id,clin,unspsc,oem,oem_name,sku,name,description,unit_measure,quantity,msrp,price,discount,category_id,version) values (251,'1068','UNSPSC','G8X33AV','HP','G8X33AV','64GB DDR4-2133 (4x16GB) 1CPU RegRAM','64GB DDR4-2133 (4x16GB) 1CPU RegRAM','EACH',1,3716.00,1486.40,60,55,1);
insert into product (id,clin,unspsc,oem,oem_name,sku,name,description,unit_measure,quantity,msrp,price,discount,category_id,version) values (252,'100d','UNSPSC','OEM','DELL','210-AFXK','Standard-Dell Optiplex 3040 SFF – Core i5-6500, 3.20GHz,','Standard-Dell Optiplex 3040 SFF – Core i5-6500, 3.20GHz, 4GB 1DIMM 1600MHz DDR3L, Windows 7 Pro (32/64 bit), integrated Intel HD Graphics, DVD+/- RW, 500GB SATA 7200rpm, USB Optical Wheel Mouse, USB Keyboard, 3-Year Next Business Day On-Site Warranty','EACH',1,1013.71,446.03,56,59,1);
insert into product (id,clin,unspsc,oem,oem_name,sku,name,description,unit_measure,quantity,msrp,price,discount,category_id,version) values (253,'102d','UNSPSC','OEM','DELL','210-AFXL','Standard-Dell Optiplex 3040 MT – Core i5-6500, 3.20GHz','Standard-Dell Optiplex 3040 MT – Core i5-6500, 3.20GHz, 4GB 1DIMM 1600MHz DDR3L, Windows 7 Pro (32/64 bit), integrated Intel HD Graphics 530, DVD+/- RW, 500GB SATA 7200rpm, USB Optical Wheel Mouse, USB Keyboard, 3-Year Next Business Day On-Site Warranty','EACH',1,1013.71,446.03,56,59,1);
insert into product (id,clin,unspsc,oem,oem_name,sku,name,description,unit_measure,quantity,msrp,price,discount,category_id,version) values (254,'106a','UNSPSC','OEM','DELL','210-AFXJ','Standard-Dell Optiplex 3040 Micro – Core i5-6500T, 2.5GHz','Standard-Dell Optiplex 3040 Micro – Core i5-6500T, 2.5GHz, 4GB 1DIMM 1600MHz DDR3L, Windows 7 Pro (32/64 bit), integrated Intel HD Graphics 530, 500GB SATA 7200rpm, USB Optical Wheel Mouse, USB Keyboard, 3-Year Next Business Day On-Site Warranty','EACH',1,930.43,409.39,56,59,1);
insert into product (id,clin,unspsc,oem,oem_name,sku,name,description,unit_measure,quantity,msrp,price,discount,category_id,version) values (255,'200c','UNSPSC','OEM','DELL','210-AFIF','Power-Dell Optiplex 5040 SFF - Core i7-6700, 3.4GHz','Power-Dell Optiplex 5040 SFF - Core i7-6700, 3.4GHz, 8GB 2 DIMMs 1600Mhz DDR3L, Windows 7 Pro (64-bit), integrated Intel HD Graphics, DVD +/- RW, 500GB SATA II 7200RPM, USB Optical Wheel Mouse, USB Keyboard, 90 Efficient Power Supply, 3-Year Next Business Day On-Site Warranty','EACH',1,1295.86,570.18,56,60,1);
insert into product (id,clin,unspsc,oem,oem_name,sku,name,description,unit_measure,quantity,msrp,price,discount,category_id,version) values (256,'202c','UNSPSC','OEM','DELL','210-AFID','Power-Dell Optiplex 5040 MT - Core i7-6700, 3.4GHz','Power-Dell Optiplex 5040 MT - Core i7-6700, 3.4GHz, 8GB 2 DIMMs 1600Mhz DDR3L, Windows 7 Pro (64-bit), integrated Intel HD Graphics, DVD +/- RW, 500GB SATA II 7200RPM, USB Optical Wheel Mouse, USB Keyboard, 90 Efficient Power Supply, 3-Year Next Business Day On-Site Warranty','EACH',1,1315.86,578.98,56,59,1);
insert into product (id,clin,unspsc,oem,oem_name,sku,name,description,unit_measure,quantity,msrp,price,discount,category_id,version) values (257,'203a','UNSPSC','OEM','DELL','210-AFGG','Power-Dell Optiplex 7040 Micro - Core i7-6700T, 2.8GHz','Power-Dell Optiplex 7040 Micro - Core i7-6700T, 2.8GHz, 8GB 2 DIMMs 2133Mhz DDR4, Windows 7 Pro (64-bit), integrated Intel 530 Graphics, 500GB SATA II 7200RPM, USB Optical Wheel Mouse, USB Keyboard, 3-Year Next Business Day On- Site Warranty','EACH',1,1237.29,544.41,56,60,1);
insert into product (id,clin,unspsc,oem,oem_name,sku,name,description,unit_measure,quantity,msrp,price,discount,category_id,version) values (258,'300c','UNSPSC','OEM','DELL','210-ACQM','Workstation - Dell Precision T5810 - Four Core E5-1607 v3','Workstation - Dell Precision T5810 - Four Core E5-1607 v3 (4C, 3.1GHz, 10M, 140W), 16GB DDR4 RDIMM 2133MHz, Windows 7 Po, SP1, 64-bit, NVIDIA® Quadro® K620 2GB (DP, DL-DVI-I) (1 DP to SL-DVI adapter), 16X DVD+/-RW Drive, 900GB 2.5 SAS (10,000 RPM), USB Optical Wheel Mouse, USB Keyboard, 3- Year Next Business Day On-Site Warranty','EACH',1,2803.33,1233.47,56,61,1);
insert into product (id,clin,unspsc,oem,oem_name,sku,name,description,unit_measure,quantity,msrp,price,discount,category_id,version) values (259,'400a','UNSPSC','OEM','DELL','909686-51L','Thin Client - Dell Wyse Z90D7 - Dual Core 1.65GHz','Thin Client - Dell Wyse Z90D7 - Dual Core 1.65GHz, 2GB 1600MHz DDR3, Windows Embedded Std 7, USB Keyboard, PS/2 Optical Mouse, 3-Year Limited Hardware Warranty on-site','EACH',1,679.00,298.76,56,62,1);
insert into product (id,clin,unspsc,oem,oem_name,sku,name,description,unit_measure,quantity,msrp,price,discount,category_id,version) values (260,'430a','UNSPSC','OEM','DELL','210-AFGK','Power-Dell Optiplex 7040 SFF - Core i7-6700, 3.4GHz','Power-Dell Optiplex 7040 SFF - Core i7-6700, 3.4GHz, 8GB 2 DIMMs 1600Mhz DDR4, Windows 7 Pro (64-bit), integrated Intel HD Graphics, DVD +/- RW, 500GB SATA II 7200RPM, USB Optical Wheel Mouse, USB Keyboard, 90 Efficient Power Supply, 3-Year Next Business Day On-Site Warranty','EACH',1,1354.43,595.95,56,60,1);
insert into product (id,clin,unspsc,oem,oem_name,sku,name,description,unit_measure,quantity,msrp,price,discount,category_id,version) values (261,'500d','UNSPSC','OEM','DELL','210-AFLX','All-in-One - Dell Optiplex 7440 AIO - Core i5-6500 3.2GHz','All-in-One - Dell Optiplex 7440 AIO - Core i5-6500 3.2GHz, 4GB DDR4 1DIMM 2133MHz, Windows Pro 64-bit, Intel integrated HD Graphics, DVD+/- RW, 500GB SATA III 7200RPM, USB Optical Wheel Mouse, USB Keyboard, 23 Widescreen LED touchscreen monitor, 3-Year Next Business Day On-Site Warranty','EACH',1,1722.29,757.81,56,63,1);
insert into product (id,clin,unspsc,oem,oem_name,sku,name,description,unit_measure,quantity,msrp,price,discount,category_id,version) values (262,'1002c','UNSPSC','OEM','DELL','370-ACLY','8GB (1x8GB) 1600MHz DDR3L Memory','8GB (1x8GB) 1600MHz DDR3L Memory','EACH',1,130.00,88.40,32,64,1);
insert into product (id,clin,unspsc,oem,oem_name,sku,name,description,unit_measure,quantity,msrp,price,discount,category_id,version) values (263,'1003c','UNSPSC','OEM','DELL','490-BCYL','AMD Radeon™ R5 340X (2GB DP/DVI-I)','AMD Radeon™ R5 340X (2GB DP/DVI-I)','EACH',1,110.00,74.80,32,64,1);
insert into product (id,clin,unspsc,oem,oem_name,sku,name,description,unit_measure,quantity,msrp,price,discount,category_id,version) values (264,'1005b','UNSPSC','OEM','DELL','400-AIOY','3.5 1TB 7200rpm HDD','3.5 1TB 7200rpm HDD','EACH',1,130.00,88.40,32,64,1);
insert into product (id,clin,unspsc,oem,oem_name,sku,name,description,unit_measure,quantity,msrp,price,discount,category_id,version) values (265,'1006b','UNSPSC','OEM','DELL','470-ABLQ, 555- BCMT','Intel® Dual Band Wireless 8260 (802.11ac) + Bluetooth','Intel® Dual Band Wireless 8260 (802.11ac) + Bluetooth','EACH',1,53.00,36.04,32,64,1);
insert into product (id,clin,unspsc,oem,oem_name,sku,name,description,unit_measure,quantity,msrp,price,discount,category_id,version) values (266,'1007b','UNSPSC','OEM','DELL','429-AAVN','8x DVD-ROM 9.5mm Optical Disk Drive','8x DVD-ROM 9.5mm Optical Disk Drive','EACH',1,40.00,27.20,32,64,1);
insert into product (id,clin,unspsc,oem,oem_name,sku,name,description,unit_measure,quantity,msrp,price,discount,category_id,version) values (267,'1008a','UNSPSC','OEM','DELL','A4051228','Comfort wave  Ergonomic keyboard','Comfort wave  Ergonomic keyboard','EACH',1,79.99,54.39,32,64,1);
insert into product (id,clin,unspsc,oem,oem_name,sku,name,description,unit_measure,quantity,msrp,price,discount,category_id,version) values (268,'1009b','UNSPSC','OEM','DELL','A7055994','Performance Ergonomic mouse mx','Performance Ergonomic mouse mx','EACH',1,99.99,67.99,32,64,1);
insert into product (id,clin,unspsc,oem,oem_name,sku,name,description,unit_measure,quantity,msrp,price,discount,category_id,version) values (269,'1010a','UNSPSC','OEM','DELL','A6107465','K360 wireless keyboard','K360 wireless keyboard','EACH',1,29.99,20.39,32,64,1);
insert into product (id,clin,unspsc,oem,oem_name,sku,name,description,unit_measure,quantity,msrp,price,discount,category_id,version) values (270,'1011b','UNSPSC','OEM','DELL','A6024088','Wireless mouse M525','Wireless mouse M525','EACH',1,39.99,27.19,32,64,1);
insert into product (id,clin,unspsc,oem,oem_name,sku,name,description,unit_measure,quantity,msrp,price,discount,category_id,version) values (271,'1012b','UNSPSC','OEM','DELL','A5950984','Jabra UC Voice 150 USB Duo. Headband INL','Jabra UC Voice 150 USB Duo. Headband INL','EACH',1,33.99,23.11,32,64,1);
insert into product (id,clin,unspsc,oem,oem_name,sku,name,description,unit_measure,quantity,msrp,price,discount,category_id,version) values (272,'1013a','UNSPSC','OEM','DELL','313-7362','AX210 USB Stereo Speakers WW, I/S/X DT C','AX210 USB Stereo Speakers WW, I/S/X DT C','EACH',1,19.99,13.59,32,64,1);
insert into product (id,clin,unspsc,oem,oem_name,sku,name,description,unit_measure,quantity,msrp,price,discount,category_id,version) values (273,'1014c','UNSPSC','OEM','DELL','A3881047','H110 2 Stereo Headset','H110 2 Stereo Headset','EACH',1,14.99,10.19,32,64,1);
insert into product (id,clin,unspsc,oem,oem_name,sku,name,description,unit_measure,quantity,msrp,price,discount,category_id,version) values (274,'1015a','UNSPSC','OEM','DELL','A3793590','6 ft DVI-D Single Link Digital Video Monitor Cable w/ Audio','6 ft DVI-D Single Link Digital Video Monitor Cable w/ Audio','EACH',1,12.99,8.83,32,64,1);
insert into product (id,clin,unspsc,oem,oem_name,sku,name,description,unit_measure,quantity,msrp,price,discount,category_id,version) values (275,'1016b','UNSPSC','OEM','DELL','470-AANH','DisplayPort 1.1 Male to DVI-D Male Black Cable - 6.5 ft','DisplayPort 1.1 Male to DVI-D Male Black Cable - 6.5 ft','EACH',1,24.99,16.99,32,64,1);
insert into product (id,clin,unspsc,oem,oem_name,sku,name,description,unit_measure,quantity,msrp,price,discount,category_id,version) values (276,'1017b','UNSPSC','OEM','DELL','470-AANW','DiplayPort to DVI (Dual-Link)','DiplayPort to DVI (Dual-Link)','EACH',1,139.99,95.19,32,64,1);
insert into product (id,clin,unspsc,oem,oem_name,sku,name,description,unit_measure,quantity,msrp,price,discount,category_id,version) values (277,'1019c','UNSPSC','OEM','DELL','370-ACMQ','16GB (2x8GB) 1600MHz DDR3L Memory (5040)','16GB (2x8GB) 1600MHz DDR3L Memory (5040)','EACH',1,260.00,176.80,32,65,1);
insert into product (id,clin,unspsc,oem,oem_name,sku,name,description,unit_measure,quantity,msrp,price,discount,category_id,version) values (278,'1020c','UNSPSC','OEM','DELL','490-BCPG','AMD Radeon™ R5 340X (2GB DP/DVI-I)','AMD Radeon™ R5 340X (2GB DP/DVI-I)','EACH',1,110.00,74.80,32,65,1);
insert into product (id,clin,unspsc,oem,oem_name,sku,name,description,unit_measure,quantity,msrp,price,discount,category_id,version) values (279,'1021c','UNSPSC','OEM','DELL','490-BCPF','AMD Radeon™ R7 350X, 4GB, HH (DP, SL-DVI-I)','AMD Radeon™ R7 350X, 4GB, HH (DP, SL-DVI-I)','EACH',1,180.00,122.40,32,65,1);
insert into product (id,clin,unspsc,oem,oem_name,sku,name,description,unit_measure,quantity,msrp,price,discount,category_id,version) values (280,'1022c','UNSPSC','OEM','DELL','400-AIOY','3.5 inch 1TB 7200rpm Hard Disk Drive','3.5 inch 1TB 7200rpm Hard Disk Drive','EACH',1,130.00,88.40,32,65,1);
insert into product (id,clin,unspsc,oem,oem_name,sku,name,description,unit_measure,quantity,msrp,price,discount,category_id,version) values (281,'1023c','UNSPSC','OEM','DELL','400-AIRX','128GB SATA Solid State Drive','128GB SATA Solid State Drive','EACH',1,200.00,136.00,32,65,1);
insert into product (id,clin,unspsc,oem,oem_name,sku,name,description,unit_measure,quantity,msrp,price,discount,category_id,version) values (282,'1024c','UNSPSC','OEM','DELL','400-AIRY','256GB PCIe Solid State Drive','256GB PCIe Solid State Drive','EACH',1,400.00,272.00,32,65,1);
insert into product (id,clin,unspsc,oem,oem_name,sku,name,description,unit_measure,quantity,msrp,price,discount,category_id,version) values (283,'1026d','UNSPSC','OEM','DELL','470-ABLQ, 555- BCMT','Intel® Dual Band Wireless 8260 (802.11ac) + Bluetooth','Intel® Dual Band Wireless 8260 (802.11ac) + Bluetooth','EACH',1,53.00,36.04,32,65,1);
insert into product (id,clin,unspsc,oem,oem_name,sku,name,description,unit_measure,quantity,msrp,price,discount,category_id,version) values (284,'1027d','UNSPSC','OEM','DELL','631-AASS','Upgrade to Intel Standard Manageability','Upgrade to Intel Standard Manageability','EACH',1,15.00,10.20,32,65,1);
insert into product (id,clin,unspsc,oem,oem_name,sku,name,description,unit_measure,quantity,msrp,price,discount,category_id,version) values (285,'1028d','UNSPSC','OEM','DELL','429-AAVN','8x DVD-ROM 9.5mm Optical Disk Drive','8x DVD-ROM 9.5mm Optical Disk Drive','EACH',1,40.00,27.20,32,65,1);
insert into product (id,clin,unspsc,oem,oem_name,sku,name,description,unit_measure,quantity,msrp,price,discount,category_id,version) values (286,'1030b','UNSPSC','OEM','DELL','338-BFJW','Intel® Xeon® Processor E5-1620 v3 (Quad Core HT, 3.7 GHzTurbo, 10 MB)','Intel® Xeon® Processor E5-1620 v3 (Quad Core HT, 3.7 GHzTurbo, 10 MB)','EACH',1,340.00,231.20,32,66,1);
insert into product (id,clin,unspsc,oem,oem_name,sku,name,description,unit_measure,quantity,msrp,price,discount,category_id,version) values (287,'1031b','UNSPSC','OEM','DELL','338-BFJV','Intel® Xeon® Processor E5-1660 v3 (Six Core HT, 3.5 GHzTurbo, 12 MB)','Intel® Xeon® Processor E5-1660 v3 (Six Core HT, 3.5 GHzTurbo, 12 MB)','EACH',1,1820.00,1237.60,32,66,1);
insert into product (id,clin,unspsc,oem,oem_name,sku,name,description,unit_measure,quantity,msrp,price,discount,category_id,version) values (288,'1033b','UNSPSC','OEM','DELL','370-ABUP','32GB (4x8GB) 1866MHz DDR3 ECC RDIMM','32GB (4x8GB) 1866MHz DDR3 ECC RDIMM','EACH',1,1040.00,707.20,32,66,1);
insert into product (id,clin,unspsc,oem,oem_name,sku,name,description,unit_measure,quantity,msrp,price,discount,category_id,version) values (289,'1034b','UNSPSC','OEM','DELL','490-BCCO','NVIDIA® Quadro® K4200 4GB (2 DP, DL-DVI-I) (1 DP to SL- DVI adapter)','NVIDIA® Quadro® K4200 4GB (2 DP, DL-DVI-I) (1 DP to SL- DVI adapter)','EACH',1,2200.00,1496.00,32,66,1);
insert into product (id,clin,unspsc,oem,oem_name,sku,name,description,unit_measure,quantity,msrp,price,discount,category_id,version) values (290,'1035b','UNSPSC','OEM','DELL','400-AETZ','900GB 2.5inch SAS (10.000 Rpm) Hard Drive','900GB 2.5inch SAS (10.000 Rpm) Hard Drive','EACH',1,370.33,251.82,32,66,1);
insert into product (id,clin,unspsc,oem,oem_name,sku,name,description,unit_measure,quantity,msrp,price,discount,category_id,version) values (291,'1037b','UNSPSC','OEM','DELL','400-AETZ, 401- AALE','2x900GB 2.5inch SAS (10.000 Rpm) Hard Drive','2x900GB 2.5inch SAS (10.000 Rpm) Hard Drive','EACH',1,729.00,495.72,32,66,1);
insert into product (id,clin,unspsc,oem,oem_name,sku,name,description,unit_measure,quantity,msrp,price,discount,category_id,version) values (292,'1040b','UNSPSC','OEM','DELL','400-AECP','256GB 2.5inch Serial ATA Solid State Drive','256GB 2.5inch Serial ATA Solid State Drive','EACH',1,477.00,324.36,32,66,1);
insert into product (id,clin,unspsc,oem,oem_name,sku,name,description,unit_measure,quantity,msrp,price,discount,category_id,version) values (293,'1041b','UNSPSC','OEM','DELL','400-AECQ','512GB 2.5inch Serial ATA Solid State Drive','512GB 2.5inch Serial ATA Solid State Drive','EACH',1,810.33,551.02,32,66,1);
insert into product (id,clin,unspsc,oem,oem_name,sku,name,description,unit_measure,quantity,msrp,price,discount,category_id,version) values (294,'1042b','UNSPSC','OEM','DELL','540-BBHC','Intel® X540-T2 10GbE NIC, Dual Port, Copper','Intel® X540-T2 10GbE NIC, Dual Port, Copper','EACH',1,450.00,306.00,32,66,1);
insert into product (id,clin,unspsc,oem,oem_name,sku,name,description,unit_measure,quantity,msrp,price,discount,category_id,version) values (295,'1043b','UNSPSC','OEM','DELL','555-BBGR','Dell Wireless 1540 802.11 a/g/n PCIe','Dell Wireless 1540 802.11 a/g/n PCIe','EACH',1,49.00,33.32,32,66,1);
insert into product (id,clin,unspsc,oem,oem_name,sku,name,description,unit_measure,quantity,msrp,price,discount,category_id,version) values (296,'1044b','UNSPSC','OEM','DELL','429-AAPD','8x Slimline DVD-ROM Drive','8x Slimline DVD-ROM Drive','EACH',1,30.00,20.40,32,66,1);
insert into product (id,clin,unspsc,oem,oem_name,sku,name,description,unit_measure,quantity,msrp,price,discount,category_id,version) values (297,'1045B','UNSPSC','OEM','DELL','429-AAUX','Dell External USB Slim DVD+/-RW Optical Drive','Dell External USB Slim DVD+/-RW Optical Drive','EACH',1,59.99,40.79,32,67,1);
insert into product (id,clin,unspsc,oem,oem_name,sku,name,description,unit_measure,quantity,msrp,price,discount,category_id,version) values (298,'1047','UNSPSC','OEM','DELL','A7287839','KINGSTON DATATRAVELER G4 - USB-FLASHSTAS','KINGSTON DATATRAVELER G4 - USB-FLASHSTAS','EACH',1,10.99,7.47,32,67,1);
insert into product (id,clin,unspsc,oem,oem_name,sku,name,description,unit_measure,quantity,msrp,price,discount,category_id,version) values (299,'1048b','UNSPSC','OEM','DELL','A6188150','WYSE Displayport (M) TO DVI-D (F) adapter','WYSE Displayport (M) TO DVI-D (F) adapter','EACH',1,27.55,18.73,32,67,1);
insert into product (id,clin,unspsc,oem,oem_name,sku,name,description,unit_measure,quantity,msrp,price,discount,category_id,version) values (300,'1049c','UNSPSC','OEM','DELL','338-BHUG','Intel® Core™ i5-6600 Processor (Quad Core, 6MB, 4T,3.3GHz, 65W)','Intel® Core™ i5-6600 Processor (Quad Core, 6MB, 4T,3.3GHz, 65W)','EACH',1,235.00,159.80,32,67,1);
insert into product (id,clin,unspsc,oem,oem_name,sku,name,description,unit_measure,quantity,msrp,price,discount,category_id,version) values (301,'1050c','UNSPSC','OEM','DELL','338-BHUH','Intel® Core™ i7-6700 Processor (Quad Core, 8MB, 8T,3.4GHz, 65W)','Intel® Core™ i7-6700 Processor (Quad Core, 8MB, 8T,3.4GHz, 65W)','EACH',1,340.00,231.20,32,67,1);
insert into product (id,clin,unspsc,oem,oem_name,sku,name,description,unit_measure,quantity,msrp,price,discount,category_id,version) values (302,'1051c','UNSPSC','OEM','DELL','370-ACHX','8GB (2x4G) 2133MHz DDR4 Memory','8GB (2x4G) 2133MHz DDR4 Memory','EACH',1,130.00,88.40,32,67,1);
insert into product (id,clin,unspsc,oem,oem_name,sku,name,description,unit_measure,quantity,msrp,price,discount,category_id,version) values (303,'1054c','UNSPSC','OEM','DELL','400-AMPC','M.2 128GB SATA Solid State Drive','M.2 128GB SATA Solid State Drive','EACH',1,200.00,136.00,32,67,1);
insert into product (id,clin,unspsc,oem,oem_name,sku,name,description,unit_measure,quantity,msrp,price,discount,category_id,version) values (304,'1055c','UNSPSC','OEM','DELL','631-AAUF','Intel® vPro Technology Enabled','Intel® vPro Technology Enabled','EACH',1,40.00,27.20,32,67,1);
insert into product (id,clin,unspsc,oem,oem_name,sku,name,description,unit_measure,quantity,msrp,price,discount,category_id,version) values (305,'1056c','UNSPSC','OEM','DELL','429-AAWE','8x DVD-ROM 9.5mm Optical Disk Drive','8x DVD-ROM 9.5mm Optical Disk Drive','EACH',1,40.00,27.20,32,67,1);
insert into product (id,clin,unspsc,oem,oem_name,sku,name,description,unit_measure,quantity,msrp,price,discount,category_id,version) values (306,'1057a','UNSPSC','OEM','DELL','A3793590','MS - Display cable - DVI-D M - DVI-D M - 6.6 ft  ( included in the 22 widescreen monitor)','MS - Display cable - DVI-D M - DVI-D M - 6.6 ft  ( included in the 22 widescreen monitor)','EACH',1,12.99,8.83,32,69,1);
insert into product (id,clin,unspsc,oem,oem_name,sku,name,description,unit_measure,quantity,msrp,price,discount,category_id,version) values (307,'1058b','UNSPSC','OEM','DELL','A7639742','C2G 2M Displayport CBL W/ latches','C2G 2M Displayport CBL W/ latches','EACH',1,15.99,10.87,32,69,1);
insert into product (id,clin,unspsc,oem,oem_name,sku,name,description,unit_measure,quantity,msrp,price,discount,category_id,version) values (308,'1059a','UNSPSC','OEM','DELL','575-BBHE','Dell OptiPlex Micro AIO Stand','Dell OptiPlex Micro AIO Stand','EACH',1,92.86,63.14,32,70,1);
insert into product (id,clin,unspsc,oem,oem_name,sku,name,description,unit_measure,quantity,msrp,price,discount,category_id,version) values (309,'1060a','UNSPSC','OEM','DELL','575-BBHC','Opti Micro VESA Mount','Opti Micro VESA Mount','EACH',1,28.57,19.43,32,70,1);
insert into product (id,clin,unspsc,oem,oem_name,sku,name,description,unit_measure,quantity,msrp,price,discount,category_id,version) values (310,'1061a','UNSPSC','OEM','DELL','575-BBHF','Opti Micro Dual VESA Mount','Opti Micro Dual VESA Mount','EACH',1,35.71,24.28,32,70,1);
insert into product (id,clin,unspsc,oem,oem_name,sku,name,description,unit_measure,quantity,msrp,price,discount,category_id,version) values (311,'1062a','UNSPSC','OEM','DELL','332-1236','Dell Dual Monitor Stand','Dell Dual Monitor Stand','EACH',1,169.99,115.59,32,70,1);
insert into product (id,clin,unspsc,oem,oem_name,sku,name,description,unit_measure,quantity,msrp,price,discount,category_id,version) values (312,'1063a','UNSPSC','OEM','DELL','575-BBHH','Opti Micro Console','Opti Micro Console','EACH',1,121.43,82.57,32,70,1);
insert into product (id,clin,unspsc,oem,oem_name,sku,name,description,unit_measure,quantity,msrp,price,discount,category_id,version) values (313,'1064a','UNSPSC','OEM','DELL','382-BBDP','2nd Display Port (Only 7040 Micro)','2nd Display Port (Only 7040 Micro)','EACH',1,13.00,8.84,32,70,1);
insert into product (id,clin,unspsc,oem,oem_name,sku,name,description,unit_measure,quantity,msrp,price,discount,category_id,version) values (314,'1065','UNSPSC','OEM','DELL','338-BHUU','Intel® Core™ i7-6700T Processor (Quad Core, 8MB, 8T, 2.8GHz, 35W)(3040MFF)','Intel® Core™ i7-6700T Processor (Quad Core, 8MB, 8T, 2.8GHz, 35W)(3040MFF)','EACH',1,340.00,231.2,32,71,1);
insert into product (id,clin,unspsc,oem,oem_name,sku,name,description,unit_measure,quantity,msrp,price,discount,category_id,version) values (315,'1066','UNSPSC','OEM','DELL','370-AAMU','16GB (2x8GB) 1600MHz DDR3 Non-ECC(3040MFF)','16GB (2x8GB) 1600MHz DDR3 Non-ECC(3040MFF)','EACH',1,260.00,176.80,32,71,1);
insert into product (id,clin,unspsc,oem,oem_name,sku,name,description,unit_measure,quantity,msrp,price,discount,category_id,version) values (316,'1067','UNSPSC','OEM','DELL','370-AAML','8GB (2x4GB) 1600MHz DDR3L Memory(3040MFF)','8GB (2x4GB) 1600MHz DDR3L Memory(3040MFF)','EACH',1,130.00,88.40,32,71,1);
insert into product (id,clin,unspsc,oem,oem_name,sku,name,description,unit_measure,quantity,msrp,price,discount,category_id,version) values (317,'1068','UNSPSC','OEM','DELL','400-AJKT','2.5inch 128GB SSD(3040MFF)','2.5inch 128GB SSD(3040MFF)','EACH',1,200.0,136.00,32,71,1);
insert into product (id,clin,unspsc,oem,oem_name,sku,name,description,unit_measure,quantity,msrp,price,discount,category_id,version) values (318,'1069','UNSPSC','OEM','DELL','338-BHUH','Intel® Core™ i7-6700 Processor (Quad Core, 8MB, 8T, 3.4GHz, 65W)','Intel® Core™ i7-6700 Processor (Quad Core, 8MB, 8T, 3.4GHz, 65W)','EACH',1,340.00,231.20,32,64,1);
insert into product (id,clin,unspsc,oem,oem_name,sku,name,description,unit_measure,quantity,msrp,price,discount,category_id,version) values (319,'1070','UNSPSC','OEM','DELL','370-ACMQ','16GB (2x8GB) 1600MHz DDR3L Memory','16GB (2x8GB) 1600MHz DDR3L Memory','EACH',1,260.00,176.80,32,64,1);
insert into product (id,clin,unspsc,oem,oem_name,sku,name,description,unit_measure,quantity,msrp,price,discount,category_id,version) values (320,'1071','UNSPSC','OEM','DELL','400-AJKS','2.5 128GB SSD','2.5 128GB SSD','EACH',1,200.00,136.00,32,64,1);
insert into product (id,clin,unspsc,oem,oem_name,sku,name,description,unit_measure,quantity,msrp,price,discount,category_id,version) values (321,'1072','UNSPSC','OEM','DELL','400-AJCK','256GB Solid State Drive','256GB Solid State Drive','EACH',1,400.00,272.00,32,64,1);
insert into product (id,clin,unspsc,oem,oem_name,sku,name,description,unit_measure,quantity,msrp,price,discount,category_id,version) values (322,'1073','UNSPSC','OEM','DELL','490-BCYM','AMD Radeon™ R7 350X, 4GB (DP, SL-DVI-I)','AMD Radeon™ R7 350X, 4GB (DP, SL-DVI-I)','EACH',1,180.00,122.4,32,64,1);
insert into product (id,clin,unspsc,oem,oem_name,sku,name,description,unit_measure,quantity,msrp,price,discount,category_id,version) values (323,'1074','UNSPSC','OEM','DELL','490-BCYL','AMD Radeon™ R5 340X (2GB DP/DVI-I)','AMD Radeon™ R5 340X (2GB DP/DVI-I)','EACH',1,110.00,74.80,32,64,1);
insert into product (id,clin,unspsc,oem,oem_name,sku,name,description,unit_measure,quantity,msrp,price,discount,category_id,version) values (324,'1075','UNSPSC','OEM','DELL','421-9983, 954-3463','DDPE Enterprise Edition License + ProSupport for Software 3 Year','DDPE Enterprise Edition License + ProSupport for Software 3 Year','EACH',1,104.00,70.72,32,64,1);
insert into product (id,clin,unspsc,oem,oem_name,sku,name,description,unit_measure,quantity,msrp,price,discount,category_id,version) values (325,'1076','UNSPSC','OEM','DELL','400-AHZI','2.5 inch 1TB 7200rpm Hard Disk Drive (7040 Micro)','2.5 inch 1TB 7200rpm Hard Disk Drive (7040 Micro)','EACH',1,130.00,88.40,32,65,1);
insert into product (id,clin,unspsc,oem,oem_name,sku,name,description,unit_measure,quantity,msrp,price,discount,category_id,version) values (326,'1077','UNSPSC','OEM','DELL','370-ACMR','Add 8GB, 16GB total (2x8G) 2133MHz DDR4 Memory (7040 Micro)','Add 8GB, 16GB total (2x8G) 2133MHz DDR4 Memory (7040 Micro)','EACH',1,260.0,176.80,32,65,1);
insert into product (id,clin,unspsc,oem,oem_name,sku,name,description,unit_measure,quantity,msrp,price,discount,category_id,version) values (327,'1078','UNSPSC','OEM','DELL','338-BHUF','Intel® Core™ i5-6500 Processor (Quad Core, 6MB, 4T, 3.2GHz, 65W)','Intel® Core™ i5-6500 Processor (Quad Core, 6MB, 4T, 3.2GHz, 65W)','EACH',1,205.00,139.40,32,65,1);
insert into product (id,clin,unspsc,oem,oem_name,sku,name,description,unit_measure,quantity,msrp,price,discount,category_id,version) values (328,'1079','UNSPSC','OEM','DELL','338-BHUS','Intel® Core™ i5-6500T Processor (Quad Core, 6MB, 4T, 2.5GHz, 35W) (7040 Micro)','Intel® Core™ i5-6500T Processor (Quad Core, 6MB, 4T, 2.5GHz, 35W) (7040 Micro)','EACH',1,205.00,139.40,32,65,1);
insert into product (id,clin,unspsc,oem,oem_name,sku,name,description,unit_measure,quantity,msrp,price,discount,category_id,version) values (329,'1080','UNSPSC','OEM','DELL','370-ACKD','16GB (2x8G) 2133MHz DDR4 Memory (7040)','16GB (2x8G) 2133MHz DDR4 Memory (7040)','EACH',1,260.00,176.8,32,65,1);
insert into product (id,clin,unspsc,oem,oem_name,sku,name,description,unit_measure,quantity,msrp,price,discount,category_id,version) values (330,'1081','UNSPSC','OEM','DELL','370-ACKC','32GB (4x8G) 2133MHz DDR4 Memory','32GB (4x8G) 2133MHz DDR4 Memory','EACH',1,570.00,387.60,32,65,1);
insert into product (id,clin,unspsc,oem,oem_name,sku,name,description,unit_measure,quantity,msrp,price,discount,category_id,version) values (331,'1082','UNSPSC','OEM','DELL','400-AIRW','2.5 inch 500GB 7200rpm OPAL 2.0 FIPS Self Encrypting Hard Disk Drive','2.5 inch 500GB 7200rpm OPAL 2.0 FIPS Self Encrypting Hard Disk Drive','EACH',1,160.00,108.80,32,65,1);
insert into product (id,clin,unspsc,oem,oem_name,sku,name,description,unit_measure,quantity,msrp,price,discount,category_id,version) values (332,'1083','UNSPSC','OEM','DELL','400-AJCL','512GB PCIe Solid State Drive','512GB PCIe Solid State Drive','EACH',1,900.00,612.00,32,65,1);
insert into product (id,clin,unspsc,oem,oem_name,sku,name,description,unit_measure,quantity,msrp,price,discount,category_id,version) values (333,'1084','UNSPSC','OEM','DELL','490-BCQT','AMD R5 340X 2GB (DP, DVI)  (5040 MINITOWER)','AMD R5 340X 2GB (DP, DVI)  (5040 MINITOWER)','EACH',1,110.00,74.80,32,65,1);
insert into product (id,clin,unspsc,oem,oem_name,sku,name,description,unit_measure,quantity,msrp,price,discount,category_id,version) values (334,'1085','UNSPSC','OEM','DELL','325-BBQT','Secure Cable Cover, SFF','Secure Cable Cover, SFF','EACH',1,25.33,17.22,32,65,1);
insert into product (id,clin,unspsc,oem,oem_name,sku,name,description,unit_measure,quantity,msrp,price,discount,category_id,version) values (335,'1086','UNSPSC','OEM','DELL','325-BBTM','Secure Cable Cover, MT','Secure Cable Cover, MT','EACH',1,28.57,19.43,32,65,1);
insert into product (id,clin,unspsc,oem,oem_name,sku,name,description,unit_measure,quantity,msrp,price,discount,category_id,version) values (336,'1087','UNSPSC','OEM','DELL','370-ACHX','8GB (2x4G) 2133MHz DDR4 Memory','8GB (2x4G) 2133MHz DDR4 Memory','EACH',1,130.00,88.40,32,68,1);
insert into product (id,clin,unspsc,oem,oem_name,sku,name,description,unit_measure,quantity,msrp,price,discount,category_id,version) values (337,'1088','UNSPSC','OEM','DELL','370-ACHW','16GB (2x8G) 2133MHz DDR4 Memory (7440 AIO)','16GB (2x8G) 2133MHz DDR4 Memory (7440 AIO)','EACH',1,260.00,176.80,32,68,1);
insert into product (id,clin,unspsc,oem,oem_name,sku,name,description,unit_measure,quantity,msrp,price,discount,category_id,version) values (338,'1089','UNSPSC','OEM','DELL','400-AKYB','256GB PCIe Solid State Drive','256GB PCIe Solid State Drive','EACH',1,400.00,272.00,32,68,1);
insert into product (id,clin,unspsc,oem,oem_name,sku,name,description,unit_measure,quantity,msrp,price,discount,category_id,version) values (339,'1090','UNSPSC','OEM','DELL','400-AHIF','2.5 inch 512GB SATA Solid State Drive','2.5 inch 512GB SATA Solid State Drive','EACH',1,900.00,612.00,32,68,1);
insert into product (id,clin,unspsc,oem,oem_name,sku,name,description,unit_measure,quantity,msrp,price,discount,category_id,version) values (340,'1091','UNSPSC','OEM','DELL','400-AHZH','2.5 inch 500GB 7200rpm FIPS Certified Self-Encrypting Hard Drive','2.5 inch 500GB 7200rpm FIPS Certified Self-Encrypting Hard Drive','EACH',1,160.00,108.80,32,68,1);
insert into product (id,clin,unspsc,oem,oem_name,sku,name,description,unit_measure,quantity,msrp,price,discount,category_id,version) values (341,'1092','UNSPSC','OEM','DELL','391-BCNF, 490- BCTH','4K TOUCH LCD','4K TOUCH LCD','EACH',1,685.00,465.80,32,68,1);
insert into product (id,clin,unspsc,oem,oem_name,sku,name,description,unit_measure,quantity,msrp,price,discount,category_id,version) values (342,'1800b','UNSPSC','OEM','DELL','858-BBCU','P2016 19.5 WideScreen Monitor','P2016 19.5 WideScreen Monitor','EACH',1,189.99,129.20,32,69,1);
insert into product (id,clin,unspsc,oem,oem_name,sku,name,description,unit_measure,quantity,msrp,price,discount,category_id,version) values (343,'1801a','UNSPSC','OEM','VIEWSONIC','TD2220','22 Touchscreen monitor','22 Touchscreen monitor','EACH',1,445.00,302.60,32,72,1);
insert into product (id,clin,unspsc,oem,oem_name,sku,name,description,unit_measure,quantity,msrp,price,discount,category_id,version) values (344,'1802a','UNSPSC','OEM','DELL','320-9704','P2213 22 Widescreen Monitor','P2213 22 Widescreen Monitor','EACH',1,219.99,149.59,32,72,1);
insert into product (id,clin,unspsc,oem,oem_name,sku,name,description,unit_measure,quantity,msrp,price,discount,category_id,version) values (345,'1803c','UNSPSC','OEM','DELL','320-9794','P2414H 24 Widescreen  Monitor','P2414H 24 Widescreen  Monitor','EACH',1,299.99,204.00,32,72,1);
insert into product (id,clin,unspsc,oem,oem_name,sku,name,description,unit_measure,quantity,msrp,price,discount,category_id,version) values (346,'2000b','UNSPSC','OEM','DELL','997-8533, 997-8536','4 Year Basic Hardware Service with 4 Year NBD on-site','4 Year Basic Hardware Service with 4 Year NBD on-site','EACH',1,188.00,101.52,46,73,1);
insert into product (id,clin,unspsc,oem,oem_name,sku,name,description,unit_measure,quantity,msrp,price,discount,category_id,version) values (347,'2001b','UNSPSC','OEM','DELL','997-8538, 997-8533','5 Year Basic Hardware Service with NBD on-site','5 Year Basic Hardware Service with NBD on-site','EACH',1,228.00,123.12,46,73,1);
insert into product (id,clin,unspsc,oem,oem_name,sku,name,description,unit_measure,quantity,msrp,price,discount,category_id,version) values (348,'2002b','UNSPSC','OEM','DELL','984-0092','Keep Your Hard Drive, 3 Years','Keep Your Hard Drive, 3 Years','EACH',1,20.00,10.80,46,74,1);
insert into product (id,clin,unspsc,oem,oem_name,sku,name,description,unit_measure,quantity,msrp,price,discount,category_id,version) values (349,'2003a','UNSPSC','OEM','DELL','981-3953','Keep Your Hard Drive, 4 Years','Keep Your Hard Drive, 4 Years','EACH',1,25.00,13.50,46,74,1);
insert into product (id,clin,unspsc,oem,oem_name,sku,name,description,unit_measure,quantity,msrp,price,discount,category_id,version) values (350,'2004a','UNSPSC','OEM','DELL','980-7554','Keep Your Hard Drive, 5 Years','Keep Your Hard Drive, 5 Years','EACH',1,30.00,16.20,46,74,1);
insert into product (id,clin,unspsc,oem,oem_name,sku,name,description,unit_measure,quantity,msrp,price,discount,category_id,version) values (3510,'2005a','UNSPSC','OEM','DELL','983-7873, 986-4872','Upgrade 4 Year Warranty Exchange Replacement','Upgrade 4 Year Warranty Exchange Replacement','EACH',1,39.00,21.06,46,75,1);
insert into product (id,clin,unspsc,oem,oem_name,sku,name,description,unit_measure,quantity,msrp,price,discount,category_id,version) values (352,'2006a','UNSPSC','OEM','DELL','983-1324','Upgrade 5 Year Warranty Exchange Replacement','Upgrade 5 Year Warranty Exchange Replacement','EACH',1,49.00,26.46,46,75,1);
insert into product (id,clin,unspsc,oem,oem_name,sku,name,description,unit_measure,quantity,msrp,price,discount,category_id,version) values (353,'2007b','UNSPSC','OEM','DELL','997-7166, 997-7163','4 Year Basic Hardware Service with 4 Year NBD LimitedOnsite Service After Remote Diagnosis','4 Year Basic Hardware Service with 4 Year NBD LimitedOnsite Service After Remote Diagnosis','EACH',1,372.00,200.88,46,66,1);
insert into product (id,clin,unspsc,oem,oem_name,sku,name,description,unit_measure,quantity,msrp,price,discount,category_id,version) values (354,'2008b','UNSPSC','OEM','DELL','997-7163, 997-7168','5 Year Basic Hardware Service with 5 Year NBD LimitedOnsite Service After Remote Diagnosis','5 Year Basic Hardware Service with 5 Year NBD LimitedOnsite Service After Remote Diagnosis','EACH',1,472.00,254.88,46,66,1);
insert into product (id,clin,unspsc,oem,oem_name,sku,name,description,unit_measure,quantity,msrp,price,discount,category_id,version) values (355,'2009a','UNSPSC','OEM','DELL','984-1772','Keep Your Hard Drive, 3 Years','Keep Your Hard Drive, 3 Years','EACH',1,20.00,10.80,46,66,1);
insert into product (id,clin,unspsc,oem,oem_name,sku,name,description,unit_measure,quantity,msrp,price,discount,category_id,version) values (356,'2010a','UNSPSC','OEM','DELL','981-5573','Keep Your Hard Drive, 4 Years','Keep Your Hard Drive, 4 Years','EACH',1,25.00,13.50,46,66,1);
insert into product (id,clin,unspsc,oem,oem_name,sku,name,description,unit_measure,quantity,msrp,price,discount,category_id,version) values (357,'2011a','UNSPSC','OEM','DELL','980-9194','Keep Your Hard Drive, 5 Years','Keep Your Hard Drive, 5 Years','EACH',1,30.00,16.20,46,66,1);
insert into product (id,clin,unspsc,oem,oem_name,sku,name,description,unit_measure,quantity,msrp,price,discount,category_id,version) values (358,'2012c','UNSPSC','OEM','DELL','803-8591, 803-8583','4 Year Basic Hardware Service with NBD on-site','4 Year Basic Hardware Service with NBD on-site','EACH',1,178.00,96.12,46,74,1);
insert into product (id,clin,unspsc,oem,oem_name,sku,name,description,unit_measure,quantity,msrp,price,discount,category_id,version) values (359,'2013c','UNSPSC','OEM','DELL','803-8583, 803-8593','5 Year Basic Hardware Service with 4 Year NBD on-site','5 Year Basic Hardware Service with 4 Year NBD on-site','EACH',1,208.00,112.32,46,74,1);
insert into product (id,clin,unspsc,oem,oem_name,sku,name,description,unit_measure,quantity,msrp,price,discount,category_id,version) values (360,'2014a','UNSPSC','OEM','DELL','A6047259','VL 1 Year Silverchoice Renewal for Z-Class (same as 4 year Basic)','VL 1 Year Silverchoice Renewal for Z-Class (same as 4 year Basic)','EACH',1,49.00,26.46,46,76,1);
insert into product (id,clin,unspsc,oem,oem_name,sku,name,description,unit_measure,quantity,msrp,price,discount,category_id,version) values (361,'2015a','UNSPSC','OEM','DELL','A6047260','(2) VL 1 Year Silverchoice Renewal for Z-Class (same as a 5 year basic - but order quantity of 2)','(2) VL 1 Year Silverchoice Renewal for Z-Class (same as a 5 year basic - but order quantity of 2)','EACH',1,49.00,26.46,46,76,1);
insert into product (id,clin,unspsc,oem,oem_name,sku,name,description,unit_measure,quantity,msrp,price,discount,category_id,version) values (362,'2016c','UNSPSC','OEM','DELL','997-6870, 997-6873','4 Year Hardware Service with Onsite/In-Home Service After Remote Diagnosis','4 Year Hardware Service with Onsite/In-Home Service After Remote Diagnosis','EACH',1,322.00,173.88,46,77,1);
insert into product (id,clin,unspsc,oem,oem_name,sku,name,description,unit_measure,quantity,msrp,price,discount,category_id,version) values (363,'2017d','UNSPSC','OEM','DELL','997-6870, 997-6875','5 Year Hardware Service with Onsite/In-Home Service After Remote Diagnosis','5 Year Hardware Service with Onsite/In-Home Service After Remote Diagnosis','EACH',1,342.00,184.68,46,77,1);
insert into product (id,clin,unspsc,oem,oem_name,sku,name,description,unit_measure,quantity,msrp,price,discount,category_id,version) values (364,'2018','UNSPSC','OEM','DELL','997-6870, 997-6873','4 Year Basic Hardware Service with 4 Year NBD on-site','4 Year Basic Hardware Service with 4 Year NBD on-site','EACH',1,322.00,173.88,46,73,1);
insert into product (id,clin,unspsc,oem,oem_name,sku,name,description,unit_measure,quantity,msrp,price,discount,category_id,version) values (365,'2019','UNSPSC','OEM','DELL','997-6870, 997-6875','5 Year Basic Hardware Service with 5 Year NBD on-site','5 Year Basic Hardware Service with 5 Year NBD on-site','EACH',1,342.00,184.68,46,73,1);
insert into product (id,clin,unspsc,oem,oem_name,sku,name,description,unit_measure,quantity,msrp,price,discount,category_id,version) values (366,'3000a','UNSPSC','OEM','TIG','TIG-INS-CPU','Installation Services','Installation Services','EACH',1,40.00,30.80,23,79,1);
insert into product (id,clin,unspsc,oem,oem_name,sku,name,description,unit_measure,quantity,msrp,price,discount,category_id,version) values (367,'3001a','UNSPSC','OEM','TIG','TIG-ATG-CPU','Asset Tagging Services - Customer Provided Tags','Asset Tagging Services - Customer Provided Tags','EACH',1,10.00,7.70,23,79,1);
insert into product (id,clin,unspsc,oem,oem_name,sku,name,description,unit_measure,quantity,msrp,price,discount,category_id,version) values (368,'3002','UNSPSC','OEM','TIG','TIG-AIN-CPU','Asset Information via Internet','Asset Information via Internet','EACH',1,0.00,0.00,23,79,1);
insert into product (id,clin,unspsc,oem,oem_name,sku,name,description,unit_measure,quantity,msrp,price,discount,category_id,version) values (369,'3003a','UNSPSC','OEM','TIG','TIG-IMG-CPU','Imaging','Imaging','EACH',1,27.00,20.79,23,79,1);
insert into product (id,clin,unspsc,oem,oem_name,sku,name,description,unit_measure,quantity,msrp,price,discount,category_id,version) values (370,'3004','UNSPSC','OEM','TIG','TIG-SWC-CPU','Self-Warranty Certification','Self-Warranty Certification','EACH',1,0.00,0.00,23,79,1);
insert into product (id,clin,unspsc,oem,oem_name,sku,name,description,unit_measure,quantity,msrp,price,discount,category_id,version) values (371,'3005','UNSPSC','OEM','TIG','TIG-DIS-CPU','Take-Back Services','Take-Back Services','EACH',1,10.00,7.70,23,79,1);
insert into product (id,clin,unspsc,oem,oem_name,sku,name,description,unit_measure,quantity,msrp,price,discount,category_id,version) values (372,'Non-Core*','UNSPSC','OEM','TIG','TIG-DLG-CPU','Deployments & Logistics Services','Deployments & Logistics Services','HOUR',1,46.00,35.42,23,79,1);
insert into product (id,clin,unspsc,oem,oem_name,sku,name,description,unit_measure,quantity,msrp,price,discount,category_id,version) values (373,'3007a','UNSPSC','OEM','TIG','TIG-EMG-CPU','Emergency Services ( 4 hour response)','Emergency Services ( 4 hour response)','HOUR',1,58.00,44.66,23,79,1);
insert into product (id,clin,unspsc,oem,oem_name,sku,name,description,unit_measure,quantity,msrp,price,discount,category_id,version) values (374,'3008','UNSPSC','OEM','DELL','365-1245 365-1401','Absolute Computrace Complete 3YR License','Absolute Computrace Complete 3YR License','EACH',1,174.95,134.71,23,79,1);


INSERT INTO customerorder(id,order_date,total_price,status_id,userinfo_id,version) VALUES (1,'2017-03-08', 5486, 1, 3, 1);
INSERT INTO customerorder(id,order_date,total_price,status_id,userinfo_id,version) VALUES (2,'2017-02-18', 2356, 2, 4, 1);
INSERT INTO customerorder(id,order_date,total_price,status_id,userinfo_id,version) VALUES (3,'2017-01-12', 1200, 3, 5, 1);
INSERT INTO customerorder(id,order_date,total_price,status_id,userinfo_id,version) VALUES (4,'2017-02-27', 658, 1, 3, 1);
INSERT INTO customerorder(id,order_date,total_price,status_id,userinfo_id,version) VALUES (5,'2017-03-05', 455, 1, 4, 1);
INSERT INTO customerorder(id,order_date,total_price,status_id,userinfo_id,version) VALUES (6,'2017-03-07', 3545, 1, 1, 1);
INSERT INTO customerorder(id,order_date,total_price,status_id,userinfo_id,version) VALUES (7,'2017-03-01', 1245, 1, 2, 1);
 

INSERT INTO orderproduct(id, price, quantity,product_id,customerorder_id,version) VALUES (1,1231 ,2 ,22 ,1 ,1 );
INSERT INTO orderproduct(id, price, quantity,product_id,customerorder_id,version) VALUES (2,120 ,1 ,26 ,1 ,1 );
INSERT INTO orderproduct(id, price, quantity,product_id,customerorder_id,version) VALUES (3,451 ,2 ,3 ,4 ,1 );
INSERT INTO orderproduct(id, price, quantity,product_id,customerorder_id,version) VALUES (4,544 ,3 ,40 ,2 ,1 );
INSERT INTO orderproduct(id, price, quantity,product_id,customerorder_id,version) VALUES (5,123 ,10 ,45 ,2 ,1 );
INSERT INTO orderproduct(id, price, quantity,product_id,customerorder_id,version) VALUES (6,543 ,1 ,100 ,5 ,1 );
INSERT INTO orderproduct(id, price, quantity,product_id,customerorder_id,version) VALUES (7,456,3 ,78 ,6 ,1 );
INSERT INTO orderproduct(id, price, quantity,product_id,customerorder_id,version) VALUES (8,236 ,1 ,65 ,6 ,1 );
INSERT INTO orderproduct(id, price, quantity,product_id,customerorder_id,version) VALUES (9,658 ,4 ,47 ,7 ,1 );
INSERT INTO orderproduct(id, price, quantity,product_id,customerorder_id,version) VALUES (10,132 ,2 ,13 ,3 ,1 );
 
 
 